issue_year,loan_count,default_count,realized_default_rate,total_ead,mean_ead,total_expected_loss,mean_expected_loss,mean_predicted_pd,median_predicted_pd,mean_lgd_estimate,median_lgd_estimate,expected_loss_rate
2007,251,45,0.17928286852589642,2152175.0,8574.402390438247,359588.8157723427,1432.6247640332379,0.16080971382653542,0.1505417978477425,0.9246687774990606,0.9246687774990606,0.16708158759038774
2008,1562,247,0.15813060179257363,13457075.0,8615.284891165173,2106189.210655439,1348.3925804452235,0.15532166359688676,0.1421017648167383,0.9246687774990605,0.9246687774990606,0.15651166473066688
2009,4716,594,0.12595419847328243,46324425.0,9822.821246819338,7092003.0253663715,1503.8174354042349,0.1552693337309033,0.1400194504202405,0.9246687774990606,0.9246687774990606,0.15309424834450447
2010,11536,1487,0.1289008321775312,116706400.0,10116.712898751734,20515907.452020682,1778.4247097798789,0.1759031611997759,0.1515077511273915,0.9246687774990606,0.9246687774990606,0.1757907659907313
2011,21721,3297,0.15178859168546568,257363650.0,11848.609640440127,51906912.62821373,2389.7109998717247,0.1862287154366458,0.1535592656755884,0.9246687774990605,0.9246687774990606,0.20168703944093788
2012,53367,8644,0.1619727546985965,717942625.0,13452.932055390034,137942881.10642245,2584.797367407245,0.17938768285899012,0.1516676115840515,0.9246687774990606,0.9246687774990606,0.19213635784116098
2013,134804,21024,0.15595976380522833,1982607275.0,14707.33268300644,391600656.56992745,2904.9631803947022,0.19883476527357927,0.1748496748611193,0.9246687774990606,0.9246687774990606,0.19751801655722637
2014,223103,41162,0.1844977431948472,3253489500.0,14582.90341232525,668455225.6958712,2996.1731832197293,0.20812416066147588,0.187650668841724,0.9246687774990606,0.9246687774990606,0.2054579323817923
2015,375546,75804,0.20185010624530683,5498601150.0,14641.618203895128,1096989763.3972266,2921.0529825832964,0.20220789398407743,0.1799086628539811,0.9246687774990606,0.9246687774990606,0.19950342522974712
2016,293105,68252,0.23285853192541922,4240361600.0,14467.039456849934,831221683.1979046,2835.9177878163273,0.19806735081895058,0.179016210019493,0.9246687774990606,0.9246687774990606,0.19602613211050315
2017,169321,39169,0.23132984095298278,2421502475.0,14301.253093237106,494840950.2619181,2922.5019357428678,0.201781706356072,0.1855523908960812,0.9246687774990606,0.9246687774990606,0.20435285752161708
2018,56318,8874,0.15756951596292482,838076925.0,14881.15566959054,159591741.11164775,2833.760806698529,0.1883857543618684,0.17057119035887286,0.9246687774990606,0.9246687774990606,0.19042612479951976
