purpose,loan_count,default_count,realized_default_rate,total_ead,mean_ead,total_expected_loss,mean_expected_loss,mean_predicted_pd,median_predicted_pd,mean_lgd_estimate,median_lgd_estimate,expected_loss_rate
debt_consolidation,780342,165035,0.21149060283824272,11880395625.0,15224.601040313093,2498777975.5999146,3202.157484282423,0.21168629565828395,0.19168109406682876,0.9246687774990606,0.9246687774990606,0.21032784214203426
credit_card,295285,49988,0.1692872987114144,4372026350.0,14806.124083512539,733688639.2935008,2484.679679948188,0.16960249534983834,0.1446600049238844,0.9246687774990605,0.9246687774990606,0.16781432236644703
home_improvement,87507,15505,0.17718582513398928,1236808100.0,14133.819008765013,223704666.07168496,2556.4202414856522,0.17577401179852914,0.1538271137762064,0.9246687774990605,0.9246687774990606,0.1808725751971425
other,77877,16387,0.21042156220707012,764771775.0,9820.252128356255,162497975.8337498,2086.5977866860535,0.2108204568283787,0.1989341045827699,0.9246687774990606,0.9246687774990606,0.21247904426617967
major_purchase,29427,5475,0.18605362422265267,347952700.0,11824.266829782173,68659235.04303785,2333.2053910707123,0.18649537813624273,0.164219275498954,0.9246687774990606,0.9246687774990606,0.1973234725381865
small_business,15416,4580,0.2970939283860924,240101250.0,15574.808640373638,68046409.67649284,4414.012044401456,0.2916242757276769,0.28410250043977536,0.9246687774990606,0.9246687774990606,0.28340714459626026
medical,15556,3389,0.2178580611982515,139923475.0,8994.823540755979,30181229.991594765,1940.166494702672,0.2140758006741832,0.20114676885625898,0.9246687774990606,0.9246687774990606,0.21569811635677835
house,7254,1588,0.21891370278467054,111572125.0,15380.772677143645,23954005.164465427,3302.178820576982,0.22203387499626162,0.2095197471682657,0.9246687774990606,0.9246687774990606,0.2146952490549537
car,14588,2144,0.1469701124211681,128946375.0,8839.20859610639,19581308.476199035,1342.288763106597,0.1473451724606716,0.12653304473259,0.9246687774990606,0.9246687774990606,0.15185621523830378
moving,9480,2214,0.23354430379746835,74462025.0,7854.643987341772,16915784.27966605,1784.36543034452,0.23146011719440032,0.2257721138392727,0.9246687774990606,0.9246687774990606,0.2271733045087889
vacation,9065,1738,0.19172642029784887,56101625.0,6188.816878102592,10649893.400620315,1174.8365582592737,0.1917772263432796,0.1830845904656029,0.9246687774990607,0.9246687774990606,0.18983217332154487
wedding,2294,279,0.12162162162162163,24021125.0,10471.283783783783,3583954.4740309487,1562.3166844075627,0.1455927981468553,0.1279214757482031,0.9246687774990605,0.9246687774990606,0.14920010923847024
renewable_energy,933,221,0.23687031082529475,9325600.0,9995.284030010718,2067254.784415824,2215.7071644328234,0.22148339342823423,0.2107409060052696,0.9246687774990606,0.9246687774990606,0.2216752578296114
educational,326,56,0.17177914110429449,2177125.0,6678.29754601227,315170.3835735717,966.7803177103426,0.16088341798818204,0.14465295187834476,0.9246687774990606,0.9246687774990606,0.14476448691442692
