predicted_pd_quartile,ead_proxy_quartile,loan_count,mean_predicted_pd,mean_ead,total_ead,mean_expected_loss,total_expected_loss,share_of_total_expected_loss
Q1_lowest_pd,Q1_lowest_ead,107788,0.06860794596776452,5505.489479348351,593425700.0,348.3720066466299,37550321.852426946,0.009721455334278973
Q1_lowest_pd,Q2,83255,0.06751486301321638,10410.28166476488,866708000.0,649.668817363406,54088177.38959037,0.014002963880627196
Q1_lowest_pd,Q3,87913,0.06652294649112186,16516.984973780898,1452057700.0,1015.8003274536358,89302054.18743148,0.02311953368746867
Q1_lowest_pd,Q4_highest_ead,57382,0.06538716591178463,27185.966853717193,1559985150.0,1650.1737633997072,94690270.891402,0.024514496644774984
Q2,Q1_lowest_ead,117517,0.1415332546687347,5365.660074712595,630556275.0,701.3046515947434,82415218.74145946,0.021336591228395735
Q2,Q2,81884,0.14090115745168846,10370.986395388598,849217850.0,1351.0305561272146,110627786.05792084,0.028640582233058504
Q2,Q3,83848,0.1410832344235284,16503.702533155232,1383802450.0,2152.9683328473056,180522088.7725809,0.046735616002182526
Q2,Q4_highest_ead,53088,0.1423529681529601,27754.776503164558,1473445575.0,3656.136126429539,194096954.67989138,0.05025003201985019
Q3,Q1_lowest_ead,107720,0.2205681975709897,5190.218158187895,559090300.0,1057.2836736195654,113890597.3222996,0.029485296003968306
Q3,Q2,74204,0.22138620045051063,10370.215891326614,769511500.0,2123.3814062210745,157563393.86722863,0.04079180737298179
Q3,Q3,87156,0.2236318466300154,16453.263401257514,1434000625.0,3402.097129369082,296513177.4072917,0.07676471113932196
Q3,Q4_highest_ead,67257,0.22512360967280484,28153.45317216052,1893516800.0,5860.494266788288,394159262.9013799,0.10204444275996083
Q4_highest_pd,Q1_lowest_ead,50404,0.3275362913498421,5117.387508927863,257936800.0,1551.2270292896644,78188047.18431625,0.020242212872742676
Q4_highest_pd,Q2,61751,0.35956784516707097,10613.535003481726,655396400.0,3540.157880134144,218608289.2561635,0.056595805704647416
Q4_highest_pd,Q3,110540,0.37489185941330433,16480.74927628008,1821782025.0,5713.579992852252,631579132.4098879,0.16351040478201814
Q4_highest_pd,Q4_highest_ead,113643,0.3829720577786963,28054.100340540113,3188152125.0,9933.112726271533,1128828729.5516758,0.2922440483337225
