sub_grade,loan_count,default_count,realized_default_rate,total_ead,mean_ead,total_expected_loss,mean_expected_loss,mean_predicted_pd,median_predicted_pd,mean_lgd_estimate,median_lgd_estimate,expected_loss_rate
A1,43679,1409,0.03225806451612903,612489525.0,14022.51711348703,18478528.766156986,423.05292626106336,0.03246507468940913,0.0311849262135441,0.9246687774990605,0.9246687774990606,0.030169542517738547
A2,37178,1734,0.04664048630910754,497284000.0,13375.759857980525,22594166.65519022,607.7294812843676,0.04864961263875653,0.04697948203660965,0.9246687774990605,0.9246687774990606,0.04543513697442551
A3,37997,2094,0.05510961391688818,516719475.0,13598.954522725478,26230059.759814486,690.3192294079661,0.05446997494880301,0.0527492995448104,0.9246687774990605,0.9246687774990606,0.05076266916360078
A4,52236,3588,0.06868826096944636,733191250.0,14036.129297802281,46239825.97776828,885.2099314221663,0.06767516632240053,0.0654875193117596,0.9246687774990606,0.9246687774990606,0.06306652729116487
A5,64005,5381,0.08407155690961643,904050800.0,14124.69025857355,70985475.48074153,1109.0614089640112,0.08386272733792526,0.0814218754317639,0.9246687774990606,0.9246687774990606,0.07851934369256852
B1,71154,7416,0.10422463951429294,940350150.0,13215.703263344296,92774421.26245649,1303.8539121125516,0.10399271713692039,0.10062662479622285,0.9246687774990605,0.9246687774990606,0.09865944219018467
B2,74025,8410,0.11361026680175616,985143750.0,13308.257345491387,107178706.95188326,1447.871758890689,0.11456650303077229,0.1112641528924746,0.9246687774990605,0.9246687774990606,0.1087949925601043
B3,81828,10625,0.12984552964755341,1102463925.0,13472.942330253703,136661961.74725947,1670.1124523055612,0.13010988097846016,0.1266393232461219,0.9246687774990605,0.9246687774990606,0.12396048401063052
B4,83200,12337,0.14828125,1103930025.0,13268.389723557691,155381352.4610997,1867.5643324651408,0.1474476751374922,0.14388933520968877,0.9246687774990606,0.9246687774990606,0.14075290004101457
B5,82541,13788,0.1670442567935935,1063970075.0,12890.200930446686,167337452.76236796,2027.3252415450256,0.16566380913343137,0.1624488116511555,0.9246687774990606,0.9246687774990606,0.15727646547048607
C1,85496,16232,0.18985683540750445,1147548475.0,13422.247532048283,206959192.59676528,2420.6886005984525,0.18892159036771092,0.18517786751756193,0.9246687774990607,0.9246687774990606,0.18034897619184695
C2,79215,16414,0.20720823076437545,1082660275.0,13667.364451177176,215128595.56739342,2715.755798363863,0.20712082118611133,0.2032065979587619,0.9246687774990607,0.9246687774990606,0.19870369361006934
C3,75000,16894,0.22525333333333333,1075043525.0,14333.913666666667,230748361.49915534,3076.6448199887377,0.22406702064871376,0.2199347473732114,0.9246687774990606,0.9246687774990606,0.2146409481412907
C4,74422,18547,0.24921394211389106,1105582825.0,14855.591424578754,264053658.81364927,3548.059160109232,0.24979769490208353,0.2454696157859576,0.9246687774990607,0.9246687774990606,0.23883661435645878
C5,67561,17570,0.26006127795621736,1002882300.0,14844.100886606178,249844222.27214885,3698.0539404708165,0.2597061799983889,0.2553337180081597,0.9246687774990606,0.9246687774990606,0.2491261659241058
D1,51323,14272,0.278081951561678,752555300.0,14663.119848800732,203390984.1040125,3962.9597666545696,0.2820630782485216,0.2773531853150122,0.9246687774990606,0.9246687774990606,0.27026716057147226
D2,44851,13272,0.2959131346012352,663380075.0,14790.753271944885,188311377.3732668,4198.5993037672915,0.29622087199625646,0.2916818885209761,0.9246687774990606,0.9246687774990606,0.28386649594995267
D3,39322,12013,0.3055032806062764,597286250.0,15189.620314327858,176388646.1491237,4485.749609610999,0.30829363971551427,0.30320829454385867,0.9246687774990606,0.9246687774990606,0.2953167700564406
D4,35568,11514,0.32371794871794873,564736500.0,15877.656882591093,173992562.94760168,4891.828692858797,0.3213983195889735,0.3176227189759482,0.9246687774990606,0.9246687774990606,0.30809512568711545
D5,29902,9996,0.33429202060062874,490099000.0,16390.174570262858,155529869.2984191,5201.319955134074,0.3315267364090875,0.32826169760326573,0.9246687774990606,0.9246687774990606,0.31734378013099207
E1,23749,8565,0.3606467640742768,402340025.0,16941.34595140848,139198706.68594557,5861.244965512045,0.3636358258339034,0.3625343823950854,0.9246687774990606,0.9246687774990606,0.3459728041870693
E2,21378,8027,0.37547946487042755,368750500.0,17249.06445878941,133079064.65998222,6225.047462811405,0.3787067401352582,0.3777242927341513,0.9246687774990606,0.9246687774990606,0.3608918893940001
E3,18387,7118,0.3871213357263284,323704725.0,17605.086474139338,119632704.77124816,6506.37432812575,0.38995017550249805,0.389314532728429,0.9246687774990606,0.9246687774990606,0.36957355123947655
E4,15723,6307,0.4011320994721109,288431700.0,18344.57164663232,109252397.27246502,6948.571981966865,0.3995483834021471,0.3995848995128946,0.9246687774990606,0.9246687774990606,0.37878082496641324
E5,14419,6024,0.4177820930716416,265038675.0,18381.210555517027,104920966.95990707,7276.577221714895,0.4173461763195987,0.4188202194049082,0.9246687774990607,0.9246687774990606,0.39587040253618483
F1,9970,4217,0.42296890672016046,185035725.0,18559.25025075226,74985349.39638121,7521.098234341145,0.4270474757776133,0.42860153869054407,0.9246687774990606,0.9246687774990606,0.4052479562872587
F2,7198,3264,0.4534592942484023,137709825.0,19131.678938594054,59495055.04415542,8265.498061149683,0.4591284665227979,0.46220020244916604,0.9246687774990606,0.9246687774990606,0.4320320285364927
F3,6088,2744,0.4507227332457293,114667025.0,18834.92526281209,49444172.618932664,8121.578945291173,0.456903280597077,0.45931489169210493,0.9246687774990607,0.9246687774990606,0.4311978323230472
F4,4859,2327,0.4789051245112163,94021700.0,19350.010290183167,41517693.06619785,8544.493325004703,0.47002881888934184,0.4727761344038004,0.9246687774990606,0.9246687774990606,0.44157564760260504
F5,3944,1940,0.4918864097363083,79640750.0,20192.887931034482,35115392.745431386,8903.497146407552,0.4717822225375469,0.4752135783397563,0.9246687774990606,0.9246687774990606,0.44092242658979713
G1,2997,1434,0.47847847847847846,60821675.0,20294.185852519186,28515756.955540992,9514.767085599264,0.5028223817284176,0.5058182587719237,0.9246687774990606,0.9246687774990606,0.4688420198151562
G2,2131,1047,0.4913186297512905,42556950.0,19970.412951665883,19787354.093473066,9285.47822312204,0.49783641621960906,0.502619747510482,0.9246687774990606,0.9246687774990606,0.4649617534497436
G3,1614,829,0.5136307311028501,33959575.0,21040.62887236679,15808945.018450493,9794.88538937453,0.5012949181742979,0.5068471261645284,0.9246687774990606,0.9246687774990606,0.46552246364833755
G4,1280,655,0.51171875,27000825.0,21094.39453125,12488833.949394647,9756.901522964568,0.49688354051234834,0.5015937253226179,0.9246687774990606,0.9246687774990606,0.46253527251091947
G5,1110,595,0.536036036036036,23538100.0,21205.495495495496,11171686.789166806,10064.58269294307,0.5104360126179337,0.5151568173292133,0.9246687774990605,0.9246687774990606,0.4746214345748725
