pd_decile,loan_count,default_count,realized_default_rate,min_predicted_pd,max_predicted_pd,mean_predicted_pd,total_ead,total_expected_loss,mean_expected_loss,expected_loss_rate,share_of_total_ead,share_of_total_expected_loss,cumulative_share_of_total_expected_loss
1,134535,5720,0.04251681718511911,1.9159185933747686e-11,0.0604611767546943,0.04240400992524061,1832126975.0,71682920.16498233,532.8198622290283,0.039125519760977445,0.09449513458634748,0.018558091442018407,0.018558091442018407
2,134535,10362,0.0770208495930427,0.0604611846458163,0.0915651822597269,0.0763526901950168,1779778200.0,125428436.86566181,932.3108251805241,0.07047419552934282,0.09179515548743408,0.03247234341772101,0.05103043485973942
3,134535,14157,0.10522912253316981,0.0915661639778926,0.1198103116585623,0.10575143052341619,1721490025.0,168344101.75225425,1251.3033913275672,0.0977897631165503,0.08878884150561109,0.04358283991294421,0.09461327477268364
4,134535,17767,0.1320622886237782,0.1198111453184024,0.1481908497133694,0.13387419834050113,1725148900.0,213553874.08826426,1587.3480810812373,0.12378866200376341,0.08897755434608418,0.05528726109379853,0.14990053586648217
5,134535,22001,0.16353365295276323,0.1481909539290031,0.1786627576780078,0.16321604042371815,1750654600.0,264283539.7015407,1964.4221927494013,0.15096269686866884,0.09029305517496042,0.06842073516415462,0.21832127103063678
6,134535,26346,0.19583008139145947,0.1786629280777413,0.2120281023052518,0.1950349853035688,1792173825.0,323295928.66090655,2403.0618698547332,0.18039317623719148,0.09243448140132544,0.08369853506403735,0.30201980609467416
7,134535,30904,0.2297097409596016,0.2120282783397019,0.2501766935580391,0.23056295797033302,1876739750.0,400448904.42436296,2976.5407100335447,0.2133747656937319,0.09679611603327773,0.10367277684920259,0.4056925829438768
8,134535,36417,0.27068792507525924,0.2501772013102306,0.2981629933606252,0.2729977171598132,2017046000.0,509817687.5735073,3789.4799685844378,0.2527546161929412,0.10403265485289515,0.1319874140586339,0.5376799970025107
9,134535,44482,0.3306351507042777,0.2981633454022471,0.3708498291328316,0.33124582384661744,2254311875.0,692333373.4977399,5146.120886741293,0.307115169456196,0.11627005493313385,0.17923915521522904,0.7169191522177397
10,134535,60443,0.4492734232727543,0.3708501128289575,0.9999329469423872,0.44557232356912263,2639115125.0,1093434735.7437267,8127.511322285849,0.4143186954543056,0.1361169516789306,0.2830808477822608,1.0000000000000004
