issue_year,default_count,mean_lgd_baseline,median_lgd_baseline,mean_baseline_recovery_rate,mean_lgd_net_recovery_fee,median_lgd_net_recovery_fee,mean_net_recovery_rate_fee,mean_lgd_principal_recovery,median_lgd_principal_recovery,mean_principal_recovery_rate,mean_lgd_total_payment,median_lgd_total_payment,mean_total_payment_rate,mean_lgd_net_cashflow,median_lgd_net_cashflow,mean_net_cashflow_rate
2007,45,0.9131884645590829,0.9750800894854587,0.08681153544091706,0.9387007210340819,0.975330648769575,0.06129927896591817,0.5617417248320046,0.5915788,0.4382582751679954,0.3592179764394097,0.375896923076923,0.6592465700331266,0.33794888827635267,0.3656788000000001,0.7205458489990447
2008,247,0.9426366463050988,0.9949395833333333,0.057547348296790625,0.9558193084609815,0.995716,0.044362978988411114,0.6132353685070684,0.6508940298507462,0.3867646314929314,0.45303882603700146,0.479088888888889,0.5628710326187332,0.43996527866437224,0.46766379310344797,0.6072340116071443
2009,594,0.9401855530819629,0.9849002232142857,0.05986185295115734,0.9545289261588709,0.9861515303956835,0.04547107384112914,0.6349801768102491,0.6743746256684492,0.36501982318975085,0.4653164840125465,0.48771547619047617,0.5506092803007394,0.4453717789996198,0.46723100000000006,0.5960803541418687
2010,1487,0.9469389885182037,0.974325,0.05311425598975403,0.9555137508292545,0.9762857142857143,0.044486249170745416,0.6262032226997138,0.685165,0.37379677730028615,0.4257307687304135,0.43215111111111093,0.594307266390872,0.40070725805861307,0.39810120000000004,0.6387935155616173
2011,3297,0.943624232637681,0.9627289655172414,0.05641812680552458,0.9490029809674142,0.96400636,0.05099701903258583,0.6510047906441178,0.7018471428571429,0.3489952093558823,0.4317849713546104,0.45771428571428574,0.589763549451881,0.39789065041635735,0.4177714142855914,0.6407605684844668
2012,8644,0.9359606272426992,0.9490645589353612,0.06410936491589413,0.9411395766271203,0.9507042666666667,0.058896111887896854,0.6256089108721691,0.6761629166666667,0.37439108912783087,0.39525856754592564,0.3862898765050941,0.6287480363398527,0.34890907705074903,0.30743912173895843,0.6876441482277494
2013,21024,0.9202628115232387,0.9286644687500001,0.07976964452618075,0.9299245584460806,0.9407987243521001,0.07009708525135237,0.6242438094510112,0.6640266666666667,0.37575619054898884,0.3555816694022298,0.34347120000000203,0.6722089716860842,0.2999930135792975,0.26606793291944836,0.7423060569374366
2014,41162,0.9168198121005998,0.9317294061147186,0.08319834207195861,0.9303828127411475,0.9437288615736918,0.06963055255892583,0.6350085139604237,0.67496632996633,0.3649914860395762,0.36523205144542004,0.3670869583333333,0.652480417629502,0.30971748792237125,0.30082706124661246,0.722110970188428
2015,75804,0.9198396769282565,0.9351148511904761,0.0801803048430935,0.9341381977389306,0.946726067368406,0.06587739146891015,0.6634508083920951,0.7064916666666667,0.33654919160790486,0.41686327615472835,0.43004135714285713,0.5899699525843645,0.36317468790271146,0.37475508333333335,0.6558473440532746
2016,68252,0.9228108080237077,0.9253279285714286,0.07722711489009025,0.9363466236081853,0.9382258796816478,0.06367934160648489,0.7101838179125756,0.7516570833333334,0.28981618208742427,0.48394094872856636,0.49128229166666665,0.5178173180284611,0.4261200620343663,0.4293421369047619,0.581496659634946
2017,39169,0.9328603435245905,0.9645825,0.06715280334158279,0.9444193694114104,0.97095765,0.055580630588589634,0.8179138281140785,0.8450995833333333,0.18208617188592138,0.6378698066854773,0.6492157394843963,0.36242216050611625,0.5841789867724559,0.5887828381742738,0.4180027910947059
2018,8874,0.9676452100304578,1.0,0.03240483562726909,0.9732962737602519,1.0,0.026703726239748173,0.9219238455518625,0.9360153333333333,0.07807615444813762,0.8376034637620002,0.8408564999999999,0.16256969203277885,0.8119835375099972,0.8341222500000001,0.18927341827252703
