sub_grade,number_of_loans,number_of_defaults,default_rate
G5,1110,595,0.536036036036036
G3,1614,829,0.5136307311028501
G4,1280,655,0.51171875
F5,3944,1940,0.4918864097363083
G2,2131,1047,0.4913186297512905
F4,4859,2327,0.4789051245112163
G1,2997,1434,0.47847847847847846
F2,7198,3264,0.4534592942484023
F3,6088,2744,0.4507227332457293
F1,9970,4217,0.42296890672016046
E5,14419,6024,0.4177820930716416
E4,15723,6307,0.4011320994721109
E3,18387,7118,0.3871213357263284
E2,21378,8027,0.37547946487042755
E1,23749,8565,0.3606467640742768
D5,29902,9996,0.33429202060062874
D4,35568,11514,0.32371794871794873
D3,39322,12013,0.3055032806062764
D2,44851,13272,0.2959131346012352
D1,51323,14272,0.278081951561678
C5,67561,17570,0.26006127795621736
C4,74422,18547,0.24921394211389106
C3,75000,16894,0.22525333333333333
C2,79215,16414,0.20720823076437545
C1,85496,16232,0.18985683540750445
B5,82541,13788,0.1670442567935935
B4,83200,12337,0.14828125
B3,81828,10625,0.12984552964755341
B2,74025,8410,0.11361026680175616
B1,71154,7416,0.10422463951429294
A5,64005,5381,0.08407155690961643
A4,52236,3588,0.06868826096944636
A3,37997,2094,0.05510961391688818
A2,37178,1734,0.04664048630910754
A1,43679,1409,0.03225806451612903
