purpose,number_of_loans,number_of_defaults,default_rate
small_business,15416,4580,0.2970939283860924
renewable_energy,933,221,0.23687031082529475
moving,9480,2214,0.23354430379746835
house,7254,1588,0.21891370278467054
medical,15556,3389,0.2178580611982515
debt_consolidation,780342,165035,0.21149060283824272
other,77877,16387,0.21042156220707012
vacation,9065,1738,0.19172642029784887
major_purchase,29427,5475,0.18605362422265267
home_improvement,87507,15505,0.17718582513398928
educational,326,56,0.17177914110429449
credit_card,295285,49988,0.1692872987114144
car,14588,2144,0.1469701124211681
wedding,2294,279,0.12162162162162163
