model_version,bin_number,number_of_loans,average_predicted_pd,actual_default_rate,difference_actual_minus_predicted
Uncalibrated L2 Logistic Regression,1,26907,0.04246590036528137,0.042108001635262196,-0.00035789873001917244
Uncalibrated L2 Logistic Regression,2,26907,0.07639481301024506,0.07945887687218939,0.0030640638619443272
Uncalibrated L2 Logistic Regression,3,26907,0.10570855804085759,0.10194373211431969,-0.0037648259265379014
Uncalibrated L2 Logistic Regression,4,26907,0.13391704213571992,0.13383134500315902,-8.569713256090239e-05
Uncalibrated L2 Logistic Regression,5,26907,0.1634172556908561,0.1635633849927528,0.00014612930189669693
Uncalibrated L2 Logistic Regression,6,26907,0.19528465421970398,0.19909317278031738,0.0038085185606133998
Uncalibrated L2 Logistic Regression,7,26907,0.23057215513465554,0.22886237781989816,-0.0017097773147573825
Uncalibrated L2 Logistic Regression,8,26907,0.2730237847429694,0.2705243988553165,-0.0024993858876529162
Uncalibrated L2 Logistic Regression,9,26907,0.3310148928959742,0.33043445943434796,-0.0005804334616262286
Uncalibrated L2 Logistic Regression,10,26907,0.44546297120756356,0.44668673579365964,0.0012237645860960766
Sigmoid Calibrated L2 Logistic Regression,1,26907,0.04245412760740709,0.042108001635262196,-0.00034612597214489504
Sigmoid Calibrated L2 Logistic Regression,2,26907,0.07635899578293825,0.07945887687218939,0.003099881089251133
Sigmoid Calibrated L2 Logistic Regression,3,26907,0.10564827014939648,0.10194373211431969,-0.003704538035076796
Sigmoid Calibrated L2 Logistic Regression,4,26907,0.13383165178111317,0.13383134500315902,-3.067779541510163e-07
Sigmoid Calibrated L2 Logistic Regression,5,26907,0.16330486600591082,0.1635633849927528,0.0002585189868419824
Sigmoid Calibrated L2 Logistic Regression,6,26907,0.1951429333410491,0.19909317278031738,0.003950239439268283
Sigmoid Calibrated L2 Logistic Regression,7,26907,0.23039841179197984,0.22886237781989816,-0.0015360339720816851
Sigmoid Calibrated L2 Logistic Regression,8,26907,0.27281296684060924,0.2705243988553165,-0.0022885679852927554
Sigmoid Calibrated L2 Logistic Regression,9,26907,0.33075743626535703,0.33043445943434796,-0.0003229768310090697
Sigmoid Calibrated L2 Logistic Regression,10,26907,0.4451362497988569,0.44668673579365964,0.0015504859948027305
Isotonic Calibrated L2 Logistic Regression,1,26957,0.04223007818325939,0.042104091701598845,-0.00012598648166054632
Isotonic Calibrated L2 Logistic Regression,2,26899,0.07588904694823637,0.07951968474664485,0.0036306377984084842
Isotonic Calibrated L2 Logistic Regression,3,28774,0.10598460710670285,0.10328769027594356,-0.0026969168307592883
Isotonic Calibrated L2 Logistic Regression,4,25434,0.1325301062525457,0.1352127073995439,0.002682601146998226
Isotonic Calibrated L2 Logistic Regression,5,32812,0.1691565598496413,0.16692063879068633,-0.0022359210589549816
Isotonic Calibrated L2 Logistic Regression,6,22809,0.20031009317557283,0.20513832259195933,0.004828229416386498
Isotonic Calibrated L2 Logistic Regression,7,24858,0.23261251826599452,0.23067020677447905,-0.0019423114915154693
Isotonic Calibrated L2 Logistic Regression,8,32929,0.27615828693322064,0.2781135169607337,0.0019552300275130774
Isotonic Calibrated L2 Logistic Regression,9,22586,0.3378041472649274,0.3397679978747897,0.001963850609862261
Isotonic Calibrated L2 Logistic Regression,10,25012,0.45897992173196683,0.4523028946105869,-0.006677027121379908
