model_version,decile,number_of_loans,average_predicted_pd,actual_default_rate,number_of_defaults,min_predicted_pd,max_predicted_pd
Uncalibrated L2 Logistic Regression,1,26907,0.04246590036528137,0.042108001635262196,1133,1.9159185933747686e-11,0.06050229740606474
Uncalibrated L2 Logistic Regression,2,26907,0.07639481301024506,0.07945887687218939,2138,0.06050239223774909,0.09154442572661133
Uncalibrated L2 Logistic Regression,3,26907,0.10570855804085759,0.10194373211431969,2743,0.0915447867540607,0.11982524494701917
Uncalibrated L2 Logistic Regression,4,26907,0.13391704213571992,0.13383134500315902,3601,0.11982642090627699,0.1482717024683443
Uncalibrated L2 Logistic Regression,5,26907,0.1634172556908561,0.1635633849927528,4401,0.1482719467378127,0.1787366899315798
Uncalibrated L2 Logistic Regression,6,26907,0.19528465421970398,0.19909317278031738,5357,0.17873678973226528,0.21223636413216918
Uncalibrated L2 Logistic Regression,7,26907,0.23057215513465554,0.22886237781989816,6158,0.2122364455437796,0.250178303181747
Uncalibrated L2 Logistic Regression,8,26907,0.2730237847429694,0.2705243988553165,7279,0.2501794907129735,0.2981571054818164
Uncalibrated L2 Logistic Regression,9,26907,0.3310148928959742,0.33043445943434796,8891,0.29815978357232553,0.3704942648751717
Uncalibrated L2 Logistic Regression,10,26907,0.44546297120756356,0.44668673579365964,12019,0.37050181844254815,0.9997488735232227
Sigmoid Calibrated L2 Logistic Regression,1,26907,0.04245412760740709,0.042108001635262196,1133,1.930661312497205e-11,0.06047879297694093
Sigmoid Calibrated L2 Logistic Regression,2,26907,0.07635899578293825,0.07945887687218939,2138,0.06047888773924155,0.09149632775198162
Sigmoid Calibrated L2 Logistic Regression,3,26907,0.10564827014939648,0.10194373211431969,2743,0.09149668847594397,0.1197525669059083
Sigmoid Calibrated L2 Logistic Regression,4,26907,0.13383165178111317,0.13383134500315902,3601,0.11975374181606434,0.14817324568718596
Sigmoid Calibrated L2 Logistic Regression,5,26907,0.16330486600591082,0.1635633849927528,4401,0.1481734897327538,0.17861018048784796
Sigmoid Calibrated L2 Logistic Regression,6,26907,0.1951429333410491,0.19909317278031738,5357,0.1786102801965207,0.2120791312188587
Sigmoid Calibrated L2 Logistic Regression,7,26907,0.23039841179197984,0.22886237781989816,6158,0.21207921255642542,0.24998711524290648
Sigmoid Calibrated L2 Logistic Regression,8,26907,0.27281296684060924,0.2705243988553165,7279,0.2499883017320262,0.29792521073697575
Sigmoid Calibrated L2 Logistic Regression,9,26907,0.33075743626535703,0.33043445943434796,8891,0.2979278866428403,0.37020779395988973
Sigmoid Calibrated L2 Logistic Regression,10,26907,0.4451362497988569,0.44668673579365964,12019,0.37021534234044307,0.9997477470666376
Isotonic Calibrated L2 Logistic Regression,1,26957,0.04223007818325939,0.042104091701598845,1135,0.02076749435665914,0.0565854840664001
Isotonic Calibrated L2 Logistic Regression,2,26899,0.07588904694823637,0.07951968474664485,2139,0.05723372376119286,0.0911983032873807
Isotonic Calibrated L2 Logistic Regression,3,28774,0.10598460710670285,0.10328769027594356,2972,0.09147629737809662,0.11646702265839226
Isotonic Calibrated L2 Logistic Regression,4,25434,0.1325301062525457,0.1352127073995439,3439,0.12086823728959396,0.14037168841439307
Isotonic Calibrated L2 Logistic Regression,5,32812,0.1691565598496413,0.16692063879068633,5477,0.14893617021276595,0.18103074924209614
Isotonic Calibrated L2 Logistic Regression,6,22809,0.20031009317557283,0.20513832259195933,4679,0.18138448887672937,0.21166306695464362
Isotonic Calibrated L2 Logistic Regression,7,24858,0.23261251826599452,0.23067020677447905,5734,0.2126340882002384,0.24029850746268647
Isotonic Calibrated L2 Logistic Regression,8,32929,0.27615828693322064,0.2781135169607337,9158,0.24113599081805154,0.3061465721040189
Isotonic Calibrated L2 Logistic Regression,9,22586,0.3378041472649274,0.3397679978747897,7674,0.3084057971014493,0.36450769677606737
Isotonic Calibrated L2 Logistic Regression,10,25012,0.45897992173196683,0.4523028946105869,11313,0.3735802655532674,0.6014067995310667
