feature,coefficient,odds_ratio,risk_direction,absolute_coefficient
categorical__grade_G,0.6722951499612655,1.9587277394678182,associated_with_higher_estimated_default_probability,0.6722951499612655
categorical__grade_F,0.5418014697136342,1.7191009827209136,associated_with_higher_estimated_default_probability,0.5418014697136342
categorical__addr_state_MS,0.4325288076501462,1.5411498715595349,associated_with_higher_estimated_default_probability,0.4325288076501462
categorical__grade_E,0.334269754962972,1.3969199188347026,associated_with_higher_estimated_default_probability,0.334269754962972
categorical__addr_state_AR,0.3163959229319277,1.3721734230174887,associated_with_higher_estimated_default_probability,0.3163959229319277
categorical__addr_state_NE,0.2915138244520766,1.3384521367299789,associated_with_higher_estimated_default_probability,0.2915138244520766
categorical__addr_state_OK,0.2680766157258956,1.3074473072022077,associated_with_higher_estimated_default_probability,0.2680766157258956
categorical__purpose_small_business,0.2431663405807227,1.275280737414892,associated_with_higher_estimated_default_probability,0.2431663405807227
categorical__addr_state_LA,0.2363972148048698,1.2666773532498898,associated_with_higher_estimated_default_probability,0.2363972148048698
categorical__addr_state_AL,0.2183640914698303,1.2440399294989444,associated_with_higher_estimated_default_probability,0.2183640914698303
categorical__sub_grade_F5,0.2073643057767969,1.230430743167768,associated_with_higher_estimated_default_probability,0.2073643057767969
categorical__sub_grade_G5,0.1853713347050405,1.2036653198581009,associated_with_higher_estimated_default_probability,0.1853713347050405
numeric__term,0.1828695217742294,1.200657738168613,associated_with_higher_estimated_default_probability,0.1828695217742294
categorical__sub_grade_E5,0.1640282069279107,1.1782475493676876,associated_with_higher_estimated_default_probability,0.1640282069279107
categorical__sub_grade_F4,0.163358140987761,1.1774583102664415,associated_with_higher_estimated_default_probability,0.163358140987761
categorical__sub_grade_G3,0.1494791007081523,1.1612292016904064,associated_with_higher_estimated_default_probability,0.1494791007081523
categorical__addr_state_NV,0.1481894572475545,1.1597325952959432,associated_with_higher_estimated_default_probability,0.1481894572475545
categorical__addr_state_MO,0.1421078010357867,1.1527009041908647,associated_with_higher_estimated_default_probability,0.1421078010357867
numeric__open_acc,0.1337787542973597,1.1431398768791525,associated_with_higher_estimated_default_probability,0.1337787542973597
categorical__addr_state_NM,0.1282472337890577,1.1368340317408883,associated_with_higher_estimated_default_probability,0.1282472337890577
categorical__addr_state_IN,0.1263493317047239,1.1346784782242927,associated_with_higher_estimated_default_probability,0.1263493317047239
categorical__addr_state_MD,0.1214756118439402,1.1291618274144886,associated_with_higher_estimated_default_probability,0.1214756118439402
categorical__sub_grade_C5,0.1214219172321139,1.129101199136197,associated_with_higher_estimated_default_probability,0.1214219172321139
categorical__sub_grade_B5,0.1209705526177461,1.128591677807466,associated_with_higher_estimated_default_probability,0.1209705526177461
categorical__sub_grade_A5,0.1205008199175898,1.1280616658829874,associated_with_higher_estimated_default_probability,0.1205008199175898
categorical__sub_grade_G4,0.1174640535041077,1.1246412023067622,associated_with_higher_estimated_default_probability,0.1174640535041077
categorical__sub_grade_G2,0.1169262140936473,1.1240364885795486,associated_with_higher_estimated_default_probability,0.1169262140936473
categorical__addr_state_SD,0.1149482455778092,1.12181537716286,associated_with_higher_estimated_default_probability,0.1149482455778092
categorical__sub_grade_D5,0.1095185438422083,1.1157407608639267,associated_with_higher_estimated_default_probability,0.1095185438422083
categorical__grade_D,0.1087966433880935,1.1149355977607565,associated_with_higher_estimated_default_probability,0.1087966433880935
categorical__addr_state_KY,0.1063973693415537,1.112263768224819,associated_with_higher_estimated_default_probability,0.1063973693415537
categorical__addr_state_TN,0.1057995120370935,1.1115989919469773,associated_with_higher_estimated_default_probability,0.1057995120370935
categorical__sub_grade_G1,0.1030544469503175,1.1085517646957594,associated_with_higher_estimated_default_probability,0.1030544469503175
numeric__dti,0.1026564142781912,1.10811061267695,associated_with_higher_estimated_default_probability,0.1026564142781912
categorical__addr_state_NY,0.1022217509697609,1.1076290623156553,associated_with_higher_estimated_default_probability,0.1022217509697609
categorical__sub_grade_F3,0.0994535259319788,1.1045671358188869,associated_with_higher_estimated_default_probability,0.0994535259319788
categorical__sub_grade_E4,0.0990369085758254,1.104107049825628,associated_with_higher_estimated_default_probability,0.0990369085758254
categorical__addr_state_FL,0.0984403712782237,1.1034486052027759,associated_with_higher_estimated_default_probability,0.0984403712782237
categorical__addr_state_NJ,0.0954682503490881,1.100173891342427,associated_with_higher_estimated_default_probability,0.0954682503490881
categorical__sub_grade_F2,0.0910661142495779,1.0953414205406486,associated_with_higher_estimated_default_probability,0.0910661142495779
categorical__addr_state_NC,0.0858253360224999,1.0896159950197903,associated_with_higher_estimated_default_probability,0.0858253360224999
categorical__purpose_medical,0.078678270870286,1.0818562014188822,associated_with_higher_estimated_default_probability,0.078678270870286
categorical__sub_grade_D4,0.0765882969219913,1.0795975112660656,associated_with_higher_estimated_default_probability,0.0765882969219913
categorical__addr_state_MI,0.0761660530151509,1.0791417540222243,associated_with_higher_estimated_default_probability,0.0761660530151509
numeric__loan_amnt,0.070404741468888,1.0729423576495607,associated_with_higher_estimated_default_probability,0.070404741468888
categorical__addr_state_PA,0.0684561884244757,1.0708537081351277,associated_with_higher_estimated_default_probability,0.0684561884244757
categorical__sub_grade_C4,0.0653315033603624,1.0675128498307391,associated_with_higher_estimated_default_probability,0.0653315033603624
categorical__addr_state_OH,0.058409545141988,1.060149085722333,associated_with_higher_estimated_default_probability,0.058409545141988
categorical__addr_state_TX,0.0562703517423091,1.0578836457664962,associated_with_higher_estimated_default_probability,0.0562703517423091
categorical__sub_grade_E3,0.0498908722101702,1.0511563797442647,associated_with_higher_estimated_default_probability,0.0498908722101702
categorical__sub_grade_E2,0.0448845997133999,1.0459071549587187,associated_with_higher_estimated_default_probability,0.0448845997133999
numeric__delinq_2yrs,0.0400949495656617,1.0409096034151555,associated_with_higher_estimated_default_probability,0.0400949495656617
categorical__addr_state_MN,0.0355507348630854,1.0361902177633255,associated_with_higher_estimated_default_probability,0.0355507348630854
categorical__purpose_home_improvement,0.0302152585484917,1.030676371976191,associated_with_higher_estimated_default_probability,0.0302152585484917
categorical__sub_grade_D3,0.0276151635813266,1.027999996451707,associated_with_higher_estimated_default_probability,0.0276151635813266
categorical__addr_state_VA,0.0274507491255478,1.0278309922854947,associated_with_higher_estimated_default_probability,0.0274507491255478
categorical__addr_state_AZ,0.0253057355394993,1.0256286437211088,associated_with_higher_estimated_default_probability,0.0253057355394993
categorical__purpose_renewable_energy,0.0140310360259149,1.0141299330129567,associated_with_higher_estimated_default_probability,0.0140310360259149
categorical__purpose_educational,0.0114546776980809,1.011520533731668,associated_with_higher_estimated_default_probability,0.0114546776980809
numeric__revol_util,0.002053946004969,1.0020560567969683,associated_with_higher_estimated_default_probability,0.002053946004969
categorical__addr_state_IA,0.0015295857246484,1.001530756137566,associated_with_higher_estimated_default_probability,0.0015295857246484
categorical__addr_state_MA,0.0008935408114678,1.000893940137988,associated_with_higher_estimated_default_probability,0.0008935408114678
categorical__home_ownership_OTHER,-0.0027024745453491,0.9973011738516783,associated_with_lower_estimated_default_probability,0.0027024745453491
categorical__addr_state_DE,-0.0047247408624114,0.9952864031679038,associated_with_lower_estimated_default_probability,0.0047247408624114
categorical__purpose_major_purchase,-0.0062990048886675,0.9937207922533844,associated_with_lower_estimated_default_probability,0.0062990048886675
categorical__sub_grade_D2,-0.0111214742034617,0.9889401407628112,associated_with_lower_estimated_default_probability,0.0111214742034617
numeric__emp_length,-0.0113700926220922,0.9886943025901097,associated_with_lower_estimated_default_probability,0.0113700926220922
categorical__addr_state_CA,-0.0139404153668606,0.9861563022737964,associated_with_lower_estimated_default_probability,0.0139404153668606
categorical__sub_grade_B4,-0.0158366024094963,0.9842881372263423,associated_with_lower_estimated_default_probability,0.0158366024094963
categorical__home_ownership_RENT,-0.0189194651743536,0.9812583845336526,associated_with_lower_estimated_default_probability,0.0189194651743536
categorical__home_ownership_NONE,-0.0193634704633614,0.9808227973297036,associated_with_lower_estimated_default_probability,0.0193634704633614
categorical__sub_grade_F1,-0.0194406172324835,0.9807471329384775,associated_with_lower_estimated_default_probability,0.0194406172324835
categorical__sub_grade_E1,-0.0235708324643461,0.9767047898114047,associated_with_lower_estimated_default_probability,0.0235708324643461
categorical__purpose_vacation,-0.0245869840252913,0.9757128137989985,associated_with_lower_estimated_default_probability,0.0245869840252913
categorical__addr_state_WI,-0.0327036951362848,0.9678252884475501,associated_with_lower_estimated_default_probability,0.0327036951362848
categorical__home_ownership_ANY,-0.0331611312182165,0.9673826714818116,associated_with_lower_estimated_default_probability,0.0331611312182165
categorical__purpose_debt_consolidation,-0.0342285631856157,0.9663506072207516,associated_with_lower_estimated_default_probability,0.0342285631856157
categorical__addr_state_ND,-0.0376377645676975,0.9630617327981061,associated_with_lower_estimated_default_probability,0.0376377645676975
categorical__purpose_moving,-0.0380545262318234,0.9626604492133048,associated_with_lower_estimated_default_probability,0.0380545262318234
categorical__addr_state_AK,-0.0455670151442786,0.9554555704335126,associated_with_lower_estimated_default_probability,0.0455670151442786
categorical__sub_grade_C3,-0.0475351720878414,0.9535769332511361,associated_with_lower_estimated_default_probability,0.0475351720878414
numeric__int_rate,-0.0516144221124023,0.9496949776395803,associated_with_lower_estimated_default_probability,0.0516144221124023
categorical__addr_state_GA,-0.0565514742129191,0.9450178391937012,associated_with_lower_estimated_default_probability,0.0565514742129191
categorical__purpose_credit_card,-0.0569512502483537,0.9446401192152618,associated_with_lower_estimated_default_probability,0.0569512502483537
categorical__addr_state_IL,-0.0603435801381602,0.9414410175757054,associated_with_lower_estimated_default_probability,0.0603435801381602
categorical__purpose_other,-0.0714942234711346,0.9310016555372658,associated_with_lower_estimated_default_probability,0.0714942234711346
categorical__sub_grade_A4,-0.0840213895299865,0.9194115901030259,associated_with_lower_estimated_default_probability,0.0840213895299865
categorical__sub_grade_D1,-0.093803886754002,0.9104612982541124,associated_with_lower_estimated_default_probability,0.093803886754002
categorical__addr_state_RI,-0.1007241996091444,0.9041823723520219,associated_with_lower_estimated_default_probability,0.1007241996091444
categorical__addr_state_ID,-0.1012958716566901,0.9036656242831511,associated_with_lower_estimated_default_probability,0.1012958716566901
numeric__total_acc,-0.1037981826531653,0.9014071986744274,associated_with_lower_estimated_default_probability,0.1037981826531653
categorical__addr_state_CT,-0.1164303730075398,0.8900920692529757,associated_with_lower_estimated_default_probability,0.1164303730075398
categorical__addr_state_HI,-0.1238529291048464,0.8835097699008645,associated_with_lower_estimated_default_probability,0.1238529291048464
categorical__sub_grade_C2,-0.1299676102015438,0.8781238727152036,associated_with_lower_estimated_default_probability,0.1299676102015438
categorical__purpose_house,-0.1359172667091,0.8729148486194408,associated_with_lower_estimated_default_probability,0.1359172667091
categorical__sub_grade_B3,-0.1521469454738264,0.8588620655747995,associated_with_lower_estimated_default_probability,0.1521469454738264
numeric__annual_inc,-0.1528733842543289,0.8582383814248673,associated_with_lower_estimated_default_probability,0.1528733842543289
categorical__verification_status_Source Verified,-0.156803301643128,0.8548721942371046,associated_with_lower_estimated_default_probability,0.156803301643128
categorical__purpose_car,-0.1622135863749449,0.8502595812830684,associated_with_lower_estimated_default_probability,0.1622135863749449
categorical__addr_state_KS,-0.1626817941511461,0.849861576317103,associated_with_lower_estimated_default_probability,0.1626817941511461
categorical__verification_status_Verified,-0.1629915646657573,0.8495983550304606,associated_with_lower_estimated_default_probability,0.1629915646657573
categorical__home_ownership_OWN,-0.1753874682640265,0.8391318208210433,associated_with_lower_estimated_default_probability,0.1753874682640265
categorical__addr_state_WY,-0.1917022896717601,0.8255526074480973,associated_with_lower_estimated_default_probability,0.1917022896717601
categorical__addr_state_UT,-0.1947236314783873,0.8230620950807666,associated_with_lower_estimated_default_probability,0.1947236314783873
categorical__addr_state_MT,-0.1986757502736798,0.8198156752490727,associated_with_lower_estimated_default_probability,0.1986757502736798
categorical__grade_C,-0.2075474091737759,0.8125747173639183,associated_with_lower_estimated_default_probability,0.2075474091737759
categorical__sub_grade_C1,-0.2167980474763974,0.8050925433591937,associated_with_lower_estimated_default_probability,0.2167980474763974
categorical__addr_state_SC,-0.2350322016427877,0.7905453923585226,associated_with_lower_estimated_default_probability,0.2350322016427877
categorical__addr_state_ME,-0.2477457070485702,0.7805584085442777,associated_with_lower_estimated_default_probability,0.2477457070485702
categorical__addr_state_CO,-0.2775121918721415,0.757666327175677,associated_with_lower_estimated_default_probability,0.2775121918721415
categorical__addr_state_VT,-0.2780010148090687,0.7572960530030434,associated_with_lower_estimated_default_probability,0.2780010148090687
categorical__sub_grade_B2,-0.2781024410790849,0.757219247184219,associated_with_lower_estimated_default_probability,0.2781024410790849
categorical__sub_grade_A3,-0.2788933321043053,0.7566206060386561,associated_with_lower_estimated_default_probability,0.2788933321043053
categorical__addr_state_WA,-0.2794847320454689,0.756173272946182,associated_with_lower_estimated_default_probability,0.2794847320454689
categorical__addr_state_WV,-0.2809461058605402,0.7550690281791557,associated_with_lower_estimated_default_probability,0.2809461058605402
categorical__verification_status_Not Verified,-0.3051919268931865,0.7369819141679305,associated_with_lower_estimated_default_probability,0.3051919268931865
categorical__addr_state_OR,-0.3509648360139367,0.7040085091657754,associated_with_lower_estimated_default_probability,0.3509648360139367
categorical__sub_grade_B1,-0.3558776591376815,0.7005583219019434,associated_with_lower_estimated_default_probability,0.3558776591376815
categorical__addr_state_DC,-0.3591072392365083,0.6982994622349353,associated_with_lower_estimated_default_probability,0.3591072392365083
categorical__addr_state_NH,-0.3634164729077798,0.6952968009107731,associated_with_lower_estimated_default_probability,0.3634164729077798
categorical__home_ownership_MORTGAGE,-0.3754527835353364,0.6869781559624849,associated_with_lower_estimated_default_probability,0.3754527835353364
categorical__sub_grade_A2,-0.3998594289579705,0.6704142802461492,associated_with_lower_estimated_default_probability,0.3998594289579705
categorical__purpose_wedding,-0.472786971787964,0.6232628296027296,associated_with_lower_estimated_default_probability,0.472786971787964
categorical__grade_B,-0.6809930954837733,0.5061141230584165,associated_with_lower_estimated_default_probability,0.6809930954837733
categorical__sub_grade_A1,-0.7513359758941175,0.47173590377307495,associated_with_lower_estimated_default_probability,0.7513359758941175
categorical__grade_A,-1.39360930656923,0.2481779359120109,associated_with_lower_estimated_default_probability,1.39360930656923
