feature,coefficient,absolute_coefficient
categorical__grade_G,0.6722951499612655,0.6722951499612655
categorical__grade_F,0.5418014697136342,0.5418014697136342
categorical__addr_state_MS,0.43252880765014623,0.43252880765014623
categorical__grade_E,0.33426975496297207,0.33426975496297207
categorical__addr_state_AR,0.3163959229319277,0.3163959229319277
categorical__addr_state_NE,0.2915138244520766,0.2915138244520766
categorical__addr_state_OK,0.2680766157258956,0.2680766157258956
categorical__purpose_small_business,0.24316634058072276,0.24316634058072276
categorical__addr_state_LA,0.23639721480486986,0.23639721480486986
categorical__addr_state_AL,0.21836409146983035,0.21836409146983035
categorical__sub_grade_F5,0.20736430577679696,0.20736430577679696
categorical__sub_grade_G5,0.1853713347050405,0.1853713347050405
numeric__term,0.18286952177422944,0.18286952177422944
categorical__sub_grade_E5,0.16402820692791079,0.16402820692791079
categorical__sub_grade_F4,0.163358140987761,0.163358140987761
categorical__sub_grade_G3,0.1494791007081523,0.1494791007081523
categorical__addr_state_NV,0.14818945724755458,0.14818945724755458
categorical__addr_state_MO,0.14210780103578677,0.14210780103578677
numeric__open_acc,0.13377875429735978,0.13377875429735978
categorical__addr_state_NM,0.12824723378905775,0.12824723378905775
categorical__addr_state_IN,0.12634933170472398,0.12634933170472398
categorical__addr_state_MD,0.12147561184394025,0.12147561184394025
categorical__sub_grade_C5,0.12142191723211393,0.12142191723211393
categorical__sub_grade_B5,0.12097055261774613,0.12097055261774613
categorical__sub_grade_A5,0.12050081991758989,0.12050081991758989
categorical__sub_grade_G4,0.11746405350410773,0.11746405350410773
categorical__sub_grade_G2,0.11692621409364733,0.11692621409364733
categorical__addr_state_SD,0.11494824557780921,0.11494824557780921
categorical__sub_grade_D5,0.10951854384220835,0.10951854384220835
categorical__grade_D,0.10879664338809357,0.10879664338809357
categorical__addr_state_KY,0.10639736934155371,0.10639736934155371
categorical__addr_state_TN,0.10579951203709352,0.10579951203709352
categorical__sub_grade_G1,0.10305444695031753,0.10305444695031753
numeric__dti,0.10265641427819121,0.10265641427819121
categorical__addr_state_NY,0.1022217509697609,0.1022217509697609
categorical__sub_grade_F3,0.09945352593197884,0.09945352593197884
categorical__sub_grade_E4,0.09903690857582545,0.09903690857582545
categorical__addr_state_FL,0.09844037127822379,0.09844037127822379
categorical__addr_state_NJ,0.09546825034908811,0.09546825034908811
categorical__sub_grade_F2,0.09106611424957796,0.09106611424957796
categorical__addr_state_NC,0.08582533602249992,0.08582533602249992
categorical__purpose_medical,0.07867827087028609,0.07867827087028609
categorical__sub_grade_D4,0.07658829692199139,0.07658829692199139
categorical__addr_state_MI,0.07616605301515093,0.07616605301515093
numeric__loan_amnt,0.07040474146888803,0.07040474146888803
categorical__addr_state_PA,0.06845618842447573,0.06845618842447573
categorical__sub_grade_C4,0.0653315033603624,0.0653315033603624
categorical__addr_state_OH,0.05840954514198803,0.05840954514198803
categorical__addr_state_TX,0.05627035174230917,0.05627035174230917
categorical__sub_grade_E3,0.04989087221017026,0.04989087221017026
categorical__sub_grade_E2,0.04488459971339991,0.04488459971339991
numeric__delinq_2yrs,0.040094949565661786,0.040094949565661786
categorical__addr_state_MN,0.0355507348630854,0.0355507348630854
categorical__purpose_home_improvement,0.030215258548491775,0.030215258548491775
categorical__sub_grade_D3,0.0276151635813266,0.0276151635813266
categorical__addr_state_VA,0.02745074912554789,0.02745074912554789
categorical__addr_state_AZ,0.025305735539499313,0.025305735539499313
categorical__purpose_renewable_energy,0.014031036025914979,0.014031036025914979
categorical__purpose_educational,0.011454677698080966,0.011454677698080966
numeric__revol_util,0.0020539460049690417,0.0020539460049690417
categorical__addr_state_IA,0.0015295857246484523,0.0015295857246484523
categorical__addr_state_MA,0.0008935408114678887,0.0008935408114678887
categorical__home_ownership_OTHER,-0.002702474545349105,0.002702474545349105
categorical__addr_state_DE,-0.0047247408624114815,0.0047247408624114815
categorical__purpose_major_purchase,-0.006299004888667515,0.006299004888667515
categorical__sub_grade_D2,-0.01112147420346179,0.01112147420346179
numeric__emp_length,-0.011370092622092267,0.011370092622092267
categorical__addr_state_CA,-0.013940415366860614,0.013940415366860614
categorical__sub_grade_B4,-0.015836602409496397,0.015836602409496397
categorical__home_ownership_RENT,-0.018919465174353684,0.018919465174353684
categorical__home_ownership_NONE,-0.019363470463361485,0.019363470463361485
categorical__sub_grade_F1,-0.01944061723248353,0.01944061723248353
categorical__sub_grade_E1,-0.0235708324643461,0.0235708324643461
categorical__purpose_vacation,-0.02458698402529135,0.02458698402529135
categorical__addr_state_WI,-0.03270369513628489,0.03270369513628489
categorical__home_ownership_ANY,-0.03316113121821655,0.03316113121821655
categorical__purpose_debt_consolidation,-0.03422856318561572,0.03422856318561572
categorical__addr_state_ND,-0.03763776456769757,0.03763776456769757
categorical__purpose_moving,-0.038054526231823434,0.038054526231823434
categorical__addr_state_AK,-0.0455670151442786,0.0455670151442786
categorical__sub_grade_C3,-0.04753517208784149,0.04753517208784149
numeric__int_rate,-0.05161442211240231,0.05161442211240231
categorical__addr_state_GA,-0.056551474212919124,0.056551474212919124
categorical__purpose_credit_card,-0.0569512502483537,0.0569512502483537
categorical__addr_state_IL,-0.06034358013816021,0.06034358013816021
categorical__purpose_other,-0.07149422347113463,0.07149422347113463
categorical__sub_grade_A4,-0.08402138952998656,0.08402138952998656
categorical__sub_grade_D1,-0.09380388675400204,0.09380388675400204
categorical__addr_state_RI,-0.10072419960914449,0.10072419960914449
categorical__addr_state_ID,-0.10129587165669016,0.10129587165669016
numeric__total_acc,-0.10379818265316533,0.10379818265316533
categorical__addr_state_CT,-0.1164303730075398,0.1164303730075398
categorical__addr_state_HI,-0.12385292910484644,0.12385292910484644
categorical__sub_grade_C2,-0.12996761020154388,0.12996761020154388
categorical__purpose_house,-0.13591726670910004,0.13591726670910004
categorical__sub_grade_B3,-0.15214694547382643,0.15214694547382643
numeric__annual_inc,-0.1528733842543289,0.1528733842543289
categorical__verification_status_Source Verified,-0.15680330164312808,0.15680330164312808
categorical__purpose_car,-0.1622135863749449,0.1622135863749449
categorical__addr_state_KS,-0.16268179415114617,0.16268179415114617
categorical__verification_status_Verified,-0.16299156466575734,0.16299156466575734
categorical__home_ownership_OWN,-0.1753874682640265,0.1753874682640265
categorical__addr_state_WY,-0.19170228967176015,0.19170228967176015
categorical__addr_state_UT,-0.1947236314783873,0.1947236314783873
categorical__addr_state_MT,-0.19867575027367984,0.19867575027367984
categorical__grade_C,-0.20754740917377595,0.20754740917377595
categorical__sub_grade_C1,-0.21679804747639744,0.21679804747639744
categorical__addr_state_SC,-0.23503220164278776,0.23503220164278776
categorical__addr_state_ME,-0.2477457070485702,0.2477457070485702
categorical__addr_state_CO,-0.27751219187214154,0.27751219187214154
categorical__addr_state_VT,-0.27800101480906875,0.27800101480906875
categorical__sub_grade_B2,-0.2781024410790849,0.2781024410790849
categorical__sub_grade_A3,-0.2788933321043053,0.2788933321043053
categorical__addr_state_WA,-0.2794847320454689,0.2794847320454689
categorical__addr_state_WV,-0.28094610586054025,0.28094610586054025
categorical__verification_status_Not Verified,-0.3051919268931865,0.3051919268931865
categorical__addr_state_OR,-0.35096483601393674,0.35096483601393674
categorical__sub_grade_B1,-0.35587765913768155,0.35587765913768155
categorical__addr_state_DC,-0.3591072392365083,0.3591072392365083
categorical__addr_state_NH,-0.3634164729077798,0.3634164729077798
categorical__home_ownership_MORTGAGE,-0.3754527835353364,0.3754527835353364
categorical__sub_grade_A2,-0.39985942895797055,0.39985942895797055
categorical__purpose_wedding,-0.472786971787964,0.472786971787964
categorical__grade_B,-0.6809930954837733,0.6809930954837733
categorical__sub_grade_A1,-0.7513359758941175,0.7513359758941175
categorical__grade_A,-1.39360930656923,1.39360930656923
