feature_set,model_name,decile,number_of_loans,average_predicted_pd,actual_default_rate,number_of_defaults,min_predicted_pd,max_predicted_pd
Feature Set A,Logistic Regression Baseline,1,26907,0.04231585794632955,0.042702642435054075,1149,1.0807362888405476e-11,0.06023380412319661
Feature Set A,Logistic Regression Baseline,2,26907,0.07629711371153966,0.07919872152228044,2131,0.06023486824261957,0.09152616503088294
Feature Set A,Logistic Regression Baseline,3,26907,0.10562118307122681,0.1019065670643327,2742,0.09152641263748722,0.11963516871911976
Feature Set A,Logistic Regression Baseline,4,26907,0.13374530782966068,0.13137845170401755,3535,0.1196352317158675,0.14813866623440247
Feature Set A,Logistic Regression Baseline,5,26907,0.16334976804425452,0.16527297729215445,4447,0.14813986002390953,0.17879914997375396
Feature Set A,Logistic Regression Baseline,6,26907,0.19525628450109073,0.19701192998104583,5301,0.1787994300903581,0.2122647370308689
Feature Set A,Logistic Regression Baseline,7,26907,0.23061167337620983,0.2277845913702754,6129,0.21226807888795196,0.25007230804722635
Feature Set A,Logistic Regression Baseline,8,26907,0.27276648443437757,0.26862898130597984,7228,0.2500726715732878,0.29747625233063624
Feature Set A,Logistic Regression Baseline,9,26907,0.3302590931710331,0.3335191585832683,8974,0.2974766253247243,0.37000077832140155
Feature Set A,Logistic Regression Baseline,10,26907,0.4445890682203938,0.4491024640428141,12084,0.37001577811688785,0.9996339023253591
Feature Set A,Regularized Logistic Regression L2,1,26907,0.04206699325793384,0.04262831233508009,1147,1.663079562986934e-11,0.059944916121120864
Feature Set A,Regularized Logistic Regression L2,2,26907,0.07606239445164642,0.07916155647229345,2130,0.05994596445112621,0.09140576457315794
Feature Set A,Regularized Logistic Regression L2,3,26907,0.10564453695338183,0.10205522726428067,2746,0.09140577837768081,0.11973800212697354
Feature Set A,Regularized Logistic Regression L2,4,26907,0.13392624647858412,0.1311554614040956,3529,0.11973957423769381,0.14837089124810088
Feature Set A,Regularized Logistic Regression L2,5,26907,0.1635515532132231,0.16497565689225852,4439,0.14837160703112146,0.17897063292201584
Feature Set A,Regularized Logistic Regression L2,6,26907,0.19545291050543914,0.19649161928122794,5287,0.1789714334637077,0.21243146492630466
Feature Set A,Regularized Logistic Regression L2,7,26907,0.2307872646948549,0.22837923217006728,6145,0.21243242064846546,0.2501632615087271
Feature Set A,Regularized Logistic Regression L2,8,26907,0.27275071129428297,0.26907496190582375,7240,0.25016576071320035,0.29741452740509156
Feature Set A,Regularized Logistic Regression L2,9,26907,0.3300593903528854,0.33322183818337237,8966,0.2974151976879846,0.36979650476706794
Feature Set A,Regularized Logistic Regression L2,10,26907,0.44403599326719784,0.4493626193927231,12091,0.36979920050121246,0.9996507421775679
Feature Set A,Random Forest,1,26907,0.05961782155859895,0.04173635113539228,1123,0.03435627279286138,0.07365172729066646
Feature Set A,Random Forest,2,26907,0.09225897360984885,0.08068532352176014,2171,0.07365278948038631,0.11278663644935555
Feature Set A,Random Forest,3,26907,0.12484569638107444,0.10487977106329208,2822,0.11278700191355562,0.1351780708655307
Feature Set A,Random Forest,4,26907,0.1451670757071008,0.13899728695135094,3740,0.13517838759536316,0.15626808157774696
Feature Set A,Random Forest,5,26907,0.17303631698523253,0.17017876389043743,4579,0.15626844916132004,0.19116722673792247
Feature Set A,Random Forest,6,26907,0.20579364201741204,0.191437172482997,5151,0.19116874945563214,0.21871716015911086
Feature Set A,Random Forest,7,26907,0.23118176294260265,0.22715278552049653,6112,0.2187176356870286,0.24463377649760543
Feature Set A,Random Forest,8,26907,0.26155257956907174,0.26970676775560265,7257,0.24463521836460445,0.2815502815489937
Feature Set A,Random Forest,9,26907,0.30666040468556405,0.3288735273348943,8849,0.28155163656908483,0.338393732959315
Feature Set A,Random Forest,10,26907,0.39497164457839634,0.44285873564499945,11916,0.3384001301918952,0.538248643199282
Feature Set A,Gradient Boosting,1,26907,0.058120470161738845,0.042256661835210166,1137,0.036756645135749624,0.07146520347348848
Feature Set A,Gradient Boosting,2,26907,0.08699854254715225,0.07994202252202029,2151,0.07146620438667821,0.1029900409511968
Feature Set A,Gradient Boosting,3,26907,0.11599626843549227,0.10837328576206935,2916,0.10299009068008959,0.12847385035844067
Feature Set A,Gradient Boosting,4,26907,0.14097812523290743,0.1330508789534322,3580,0.12847406517742502,0.15329385670044543
Feature Set A,Gradient Boosting,5,26907,0.16657294266507888,0.16586761809194633,4463,0.15329415000801364,0.18016221903351576
Feature Set A,Gradient Boosting,6,26907,0.19398741672715614,0.19299810458245067,5193,0.1801624149353062,0.20809529855443876
Feature Set A,Gradient Boosting,7,26907,0.22374355091140183,0.2291225331698071,6165,0.2080981349567533,0.24053157138741152
Feature Set A,Gradient Boosting,8,26907,0.26145890613331146,0.26848032110603187,7224,0.24053346260867867,0.2849553489234896
Feature Set A,Gradient Boosting,9,26907,0.31754568377527786,0.32980265358456906,8874,0.2849612467169277,0.357898016970837
Feature Set A,Gradient Boosting,10,26907,0.4299934141337054,0.44661240569368565,12017,0.35790048138792235,0.627937995977325
Feature Set D,Logistic Regression Baseline,1,26907,0.07562069579974438,0.06916415802579254,1861,6.190579728554433e-20,0.094081850208489
Feature Set D,Logistic Regression Baseline,2,26907,0.105806845169894,0.09986248931504813,2687,0.09408201591793354,0.11662086950386018
Feature Set D,Logistic Regression Baseline,3,26907,0.1265777015727913,0.12468874270635893,3355,0.11662097471689412,0.13618158846532558
Feature Set D,Logistic Regression Baseline,4,26907,0.14579717972371695,0.14472070464934775,3894,0.13618321693354685,0.15552484617761544
Feature Set D,Logistic Regression Baseline,5,26907,0.16570799291413843,0.1670568996915301,4495,0.15552623325052545,0.1763211807670098
Feature Set D,Logistic Regression Baseline,6,26907,0.18787278422063075,0.19158583268294496,5155,0.1763231066016539,0.20013601839454095
Feature Set D,Logistic Regression Baseline,7,26907,0.2145352297062154,0.21871631917344928,5885,0.20013938012059776,0.2304007241146655
Feature Set D,Logistic Regression Baseline,8,26907,0.2505225223507317,0.25052960196231466,6741,0.2304010720899241,0.2732845385628129
Feature Set D,Logistic Regression Baseline,9,26907,0.30530242919087974,0.30984502174155426,8337,0.2732877253378159,0.3446450155770973
Feature Set D,Logistic Regression Baseline,10,26907,0.417162649951087,0.42033671535288214,11310,0.34465199843751776,0.999996515712547
Feature Set D,Regularized Logistic Regression L2,1,26907,0.0756576915469779,0.06908982792581857,1859,6.582578989980705e-20,0.09410478662124493
Feature Set D,Regularized Logistic Regression L2,2,26907,0.10582680911974035,0.10004831456498309,2692,0.09410622285559735,0.11663887110082374
Feature Set D,Regularized Logistic Regression L2,3,26907,0.1265862754933459,0.12472590775634593,3356,0.11663924642499446,0.13619320246791325
Feature Set D,Regularized Logistic Regression L2,4,26907,0.14579163250752325,0.14483219979930873,3897,0.13619369851550087,0.15551616674223162
Feature Set D,Regularized Logistic Regression L2,5,26907,0.16569035492755174,0.1670197346415431,4494,0.15551658422046957,0.17630357499031787
Feature Set D,Regularized Logistic Regression L2,6,26907,0.1878429424892649,0.19128851228304902,5147,0.17630375236132473,0.20010450381943484
Feature Set D,Regularized Logistic Regression L2,7,26907,0.21448777467392396,0.21879064927342326,5887,0.20010753802333547,0.23032763343408763
Feature Set D,Regularized Logistic Regression L2,8,26907,0.2504598587564603,0.25060393206228865,6743,0.23032796583382528,0.2731964437508
Feature Set D,Regularized Logistic Regression L2,9,26907,0.30522541460291863,0.3097706916415803,8335,0.27319734716019484,0.3445183029962458
Feature Set D,Regularized Logistic Regression L2,10,26907,0.4170449201596639,0.42033671535288214,11310,0.34452078864983554,0.9999965397445639
Feature Set D,Random Forest,1,26907,0.10486776385172618,0.06905266287583157,1858,0.06228885477799931,0.12153034844163267
Feature Set D,Random Forest,2,26907,0.13142050273718467,0.10064295536477497,2708,0.12153053540321816,0.14006555704801177
Feature Set D,Random Forest,3,26907,0.14755885030811042,0.12799643215520126,3444,0.14006618920602024,0.15502668548560566
Feature Set D,Random Forest,4,26907,0.16274287464118647,0.14758241349834617,3971,0.15502732019108123,0.17051579139906128
Feature Set D,Random Forest,5,26907,0.17805647903436253,0.167540045341361,4508,0.17051653202154235,0.18552235694934996
Feature Set D,Random Forest,6,26907,0.19353965745903817,0.1909540268331661,5138,0.1855226212807616,0.20195550701898296
Feature Set D,Random Forest,7,26907,0.21214151962119696,0.21552012487456795,5799,0.2019556749336173,0.2236890384728429
Feature Set D,Random Forest,8,26907,0.23774437495284975,0.24986063106254877,6723,0.2236892322721194,0.2535413465181256
Feature Set D,Random Forest,9,26907,0.275337902182237,0.31174043929089085,8388,0.2535428943324885,0.3029859144243263
Feature Set D,Random Forest,10,26907,0.35362582426293815,0.41561675400453413,11183,0.302987664217929,0.4881661753015561
Feature Set D,Gradient Boosting,1,26907,0.09733953551458328,0.06678559482662504,1797,0.06369088374547004,0.11188653960605197
Feature Set D,Gradient Boosting,2,26907,0.12099540833574719,0.10168357676441075,2736,0.11188763337460322,0.12941447718017882
Feature Set D,Gradient Boosting,3,26907,0.13721878382552058,0.12695581075556547,3416,0.1294154600676957,0.14482093885304925
Feature Set D,Gradient Boosting,4,26907,0.15233344120146305,0.1454268405991006,3913,0.14482105424447622,0.16004434161207298
Feature Set D,Gradient Boosting,5,26907,0.16848493411874055,0.16958412309064555,4563,0.1600459325381688,0.1772258419153264
Feature Set D,Gradient Boosting,6,26907,0.1865309482764786,0.19255212398260677,5181,0.1772270619809454,0.19659240815829782
Feature Set D,Gradient Boosting,7,26907,0.20877366689095034,0.21812167837365742,5869,0.19659516782352343,0.2223368707608605
Feature Set D,Gradient Boosting,8,26907,0.24027302682331883,0.25223919426171626,6787,0.2223381661469432,0.2613876491651018
Feature Set D,Gradient Boosting,9,26907,0.2906303438251122,0.3043445943434794,8189,0.26138984075703464,0.3267895324234703
Feature Set D,Gradient Boosting,10,26907,0.3948420065091082,0.4188129483034155,11269,0.32680128147148296,0.570379484734404
