risk_decile,number_of_loans,average_predicted_default_probability,actual_default_rate,number_of_actual_defaults,minimum_predicted_default_probability,maximum_predicted_default_probability
1,26907,0.04231585794632955,0.042702642435054075,1149,1.0807362888405476e-11,0.06023380412319661
2,26907,0.07629711371153966,0.07919872152228044,2131,0.06023486824261957,0.09152616503088294
3,26907,0.10562118307122681,0.1019065670643327,2742,0.09152641263748722,0.11963516871911976
4,26907,0.13374530782966068,0.13137845170401755,3535,0.1196352317158675,0.14813866623440247
5,26907,0.16334976804425452,0.16527297729215445,4447,0.14813986002390953,0.17879914997375396
6,26907,0.19525628450109073,0.19701192998104583,5301,0.1787994300903581,0.2122647370308689
7,26907,0.23061167337620983,0.2277845913702754,6129,0.21226807888795196,0.25007230804722635
8,26907,0.27276648443437757,0.26862898130597984,7228,0.2500726715732878,0.29747625233063624
9,26907,0.3302590931710331,0.3335191585832683,8974,0.2974766253247243,0.37000077832140155
10,26907,0.4445890682203938,0.4491024640428141,12084,0.37001577811688785,0.9996339023253591
