feature_set,model_name,feature,importance
Feature Set A,Random Forest,numeric__loan_amnt,0.026389821412495584
Feature Set A,Random Forest,numeric__term,0.11790599270521541
Feature Set A,Random Forest,numeric__int_rate,0.23762691574950662
Feature Set A,Random Forest,numeric__annual_inc,0.015877305041080897
Feature Set A,Random Forest,numeric__dti,0.039399243982585486
Feature Set A,Random Forest,numeric__delinq_2yrs,0.0007153653388868031
Feature Set A,Random Forest,numeric__revol_util,0.004814557078054818
Feature Set A,Random Forest,numeric__total_acc,0.0021986701832073983
Feature Set A,Random Forest,numeric__open_acc,0.0028758693404752587
Feature Set A,Random Forest,numeric__emp_length,0.002156559610879771
Feature Set A,Random Forest,categorical__grade_A,0.12918640299265916
Feature Set A,Random Forest,categorical__grade_B,0.063255451538324
Feature Set A,Random Forest,categorical__grade_C,0.028636910138269623
Feature Set A,Random Forest,categorical__grade_D,0.050240533503435596
Feature Set A,Random Forest,categorical__grade_E,0.052295490959626816
Feature Set A,Random Forest,categorical__grade_F,0.04220707137975463
Feature Set A,Random Forest,categorical__grade_G,0.00744976440133431
Feature Set A,Random Forest,categorical__sub_grade_A1,0.01375638014531771
Feature Set A,Random Forest,categorical__sub_grade_A2,0.0077507303527018356
Feature Set A,Random Forest,categorical__sub_grade_A3,0.006223230396137143
Feature Set A,Random Forest,categorical__sub_grade_A4,0.008729890800931076
Feature Set A,Random Forest,categorical__sub_grade_A5,0.009764495627912229
Feature Set A,Random Forest,categorical__sub_grade_B1,0.005431180401027462
Feature Set A,Random Forest,categorical__sub_grade_B2,0.0033535969035716163
Feature Set A,Random Forest,categorical__sub_grade_B3,0.002679687526372456
Feature Set A,Random Forest,categorical__sub_grade_B4,0.0016724388859848522
Feature Set A,Random Forest,categorical__sub_grade_B5,0.002489721339080345
Feature Set A,Random Forest,categorical__sub_grade_C1,0.003018618814080916
Feature Set A,Random Forest,categorical__sub_grade_C2,0.0024520166949575668
Feature Set A,Random Forest,categorical__sub_grade_C3,0.001599745746421808
Feature Set A,Random Forest,categorical__sub_grade_C4,0.0023333360998783487
Feature Set A,Random Forest,categorical__sub_grade_C5,0.0017957062868801962
Feature Set A,Random Forest,categorical__sub_grade_D1,0.0010540643057909988
Feature Set A,Random Forest,categorical__sub_grade_D2,0.0006136747821926329
Feature Set A,Random Forest,categorical__sub_grade_D3,0.0016586504352983152
Feature Set A,Random Forest,categorical__sub_grade_D4,0.0010424156263108878
Feature Set A,Random Forest,categorical__sub_grade_D5,0.0010370481579618763
Feature Set A,Random Forest,categorical__sub_grade_E1,0.003029161650745253
Feature Set A,Random Forest,categorical__sub_grade_E2,0.0038450044852915382
Feature Set A,Random Forest,categorical__sub_grade_E3,0.0038255932759244304
Feature Set A,Random Forest,categorical__sub_grade_E4,0.0035714366041789667
Feature Set A,Random Forest,categorical__sub_grade_E5,0.004343137501133788
Feature Set A,Random Forest,categorical__sub_grade_F1,0.0009728770273478693
Feature Set A,Random Forest,categorical__sub_grade_F2,0.0014603613535349295
Feature Set A,Random Forest,categorical__sub_grade_F3,0.001227680667275942
Feature Set A,Random Forest,categorical__sub_grade_F4,0.0010819596481959817
Feature Set A,Random Forest,categorical__sub_grade_F5,0.00044894930036537474
Feature Set A,Random Forest,categorical__sub_grade_G1,0.0005034555606826092
Feature Set A,Random Forest,categorical__sub_grade_G2,0.00041329868791678564
Feature Set A,Random Forest,categorical__sub_grade_G3,0.0002393970486661434
Feature Set A,Random Forest,categorical__sub_grade_G4,0.0003088477486372658
Feature Set A,Random Forest,categorical__sub_grade_G5,0.00021820529564112637
Feature Set A,Random Forest,categorical__home_ownership_ANY,0.0
Feature Set A,Random Forest,categorical__home_ownership_MORTGAGE,0.02137215638240997
Feature Set A,Random Forest,categorical__home_ownership_NONE,0.0
Feature Set A,Random Forest,categorical__home_ownership_OTHER,0.0
Feature Set A,Random Forest,categorical__home_ownership_OWN,0.0006788176960026373
Feature Set A,Random Forest,categorical__home_ownership_RENT,0.016894690238364672
Feature Set A,Random Forest,categorical__verification_status_Not Verified,0.020812368378151716
Feature Set A,Random Forest,categorical__verification_status_Source Verified,0.001694241711145581
Feature Set A,Random Forest,categorical__verification_status_Verified,0.004648098487415722
Feature Set A,Random Forest,categorical__purpose_car,2.610205815569466e-05
Feature Set A,Random Forest,categorical__purpose_credit_card,0.0008937815064784645
Feature Set A,Random Forest,categorical__purpose_debt_consolidation,0.0006769182392554218
Feature Set A,Random Forest,categorical__purpose_educational,0.0
Feature Set A,Random Forest,categorical__purpose_home_improvement,0.0001546016498733923
Feature Set A,Random Forest,categorical__purpose_house,1.0368449260568095e-05
Feature Set A,Random Forest,categorical__purpose_major_purchase,5.939128115423311e-05
Feature Set A,Random Forest,categorical__purpose_medical,5.107222292022434e-05
Feature Set A,Random Forest,categorical__purpose_moving,3.823847265791059e-05
Feature Set A,Random Forest,categorical__purpose_other,0.0003323105189775986
Feature Set A,Random Forest,categorical__purpose_renewable_energy,0.0
Feature Set A,Random Forest,categorical__purpose_small_business,0.0002838950402234518
Feature Set A,Random Forest,categorical__purpose_vacation,3.7042648103224905e-05
Feature Set A,Random Forest,categorical__purpose_wedding,1.7955185153966794e-05
Feature Set A,Random Forest,categorical__addr_state_AK,2.2691643172145737e-07
Feature Set A,Random Forest,categorical__addr_state_AL,6.963453470851437e-05
Feature Set A,Random Forest,categorical__addr_state_AR,8.214267729812144e-05
Feature Set A,Random Forest,categorical__addr_state_AZ,3.4757900660902324e-05
Feature Set A,Random Forest,categorical__addr_state_CA,0.0005883968340373882
Feature Set A,Random Forest,categorical__addr_state_CO,0.000591309532055282
Feature Set A,Random Forest,categorical__addr_state_CT,4.59900735666717e-05
Feature Set A,Random Forest,categorical__addr_state_DC,1.771814038583794e-05
Feature Set A,Random Forest,categorical__addr_state_DE,1.490225432301274e-06
Feature Set A,Random Forest,categorical__addr_state_FL,0.00019862114492328164
Feature Set A,Random Forest,categorical__addr_state_GA,7.009391159119235e-05
Feature Set A,Random Forest,categorical__addr_state_HI,5.266501259719301e-06
Feature Set A,Random Forest,categorical__addr_state_IA,0.0
Feature Set A,Random Forest,categorical__addr_state_ID,0.0
Feature Set A,Random Forest,categorical__addr_state_IL,8.30908291025792e-05
Feature Set A,Random Forest,categorical__addr_state_IN,4.578622368514201e-05
Feature Set A,Random Forest,categorical__addr_state_KS,1.879007177568805e-05
Feature Set A,Random Forest,categorical__addr_state_KY,1.653432574912006e-05
Feature Set A,Random Forest,categorical__addr_state_LA,7.624135208524982e-05
Feature Set A,Random Forest,categorical__addr_state_MA,4.4364142725179234e-05
Feature Set A,Random Forest,categorical__addr_state_MD,6.262159112212138e-05
Feature Set A,Random Forest,categorical__addr_state_ME,2.58902404819509e-07
Feature Set A,Random Forest,categorical__addr_state_MI,6.107420726609782e-05
Feature Set A,Random Forest,categorical__addr_state_MN,2.2891262739670374e-05
Feature Set A,Random Forest,categorical__addr_state_MO,6.749837312522859e-05
Feature Set A,Random Forest,categorical__addr_state_MS,4.296625377805935e-05
Feature Set A,Random Forest,categorical__addr_state_MT,2.4326317106146442e-06
Feature Set A,Random Forest,categorical__addr_state_NC,4.3664150164975866e-05
Feature Set A,Random Forest,categorical__addr_state_ND,0.0
Feature Set A,Random Forest,categorical__addr_state_NE,9.062881238614091e-06
Feature Set A,Random Forest,categorical__addr_state_NH,2.430656126638123e-05
Feature Set A,Random Forest,categorical__addr_state_NJ,0.0001618838648800481
Feature Set A,Random Forest,categorical__addr_state_NM,2.011100390458961e-05
Feature Set A,Random Forest,categorical__addr_state_NV,7.120138435565657e-05
Feature Set A,Random Forest,categorical__addr_state_NY,0.0004236416931080298
Feature Set A,Random Forest,categorical__addr_state_OH,7.221871840808674e-05
Feature Set A,Random Forest,categorical__addr_state_OK,5.5395408044465845e-05
Feature Set A,Random Forest,categorical__addr_state_OR,0.00018111090806441804
Feature Set A,Random Forest,categorical__addr_state_PA,4.721147495764892e-05
Feature Set A,Random Forest,categorical__addr_state_RI,2.142648813223815e-06
Feature Set A,Random Forest,categorical__addr_state_SC,0.00010462225015310009
Feature Set A,Random Forest,categorical__addr_state_SD,0.0
Feature Set A,Random Forest,categorical__addr_state_TN,4.3484003010340863e-05
Feature Set A,Random Forest,categorical__addr_state_TX,0.00011763642694621618
Feature Set A,Random Forest,categorical__addr_state_UT,3.2809659653266564e-05
Feature Set A,Random Forest,categorical__addr_state_VA,4.6017852824691736e-05
Feature Set A,Random Forest,categorical__addr_state_VT,2.127201400965656e-06
Feature Set A,Random Forest,categorical__addr_state_WA,0.0003993917834942835
Feature Set A,Random Forest,categorical__addr_state_WI,2.2152113383695286e-05
Feature Set A,Random Forest,categorical__addr_state_WV,8.688455596856191e-06
Feature Set A,Random Forest,categorical__addr_state_WY,9.502908652045278e-07
Feature Set A,Gradient Boosting,numeric__loan_amnt,0.021892159683594543
Feature Set A,Gradient Boosting,numeric__term,0.09823249783446375
Feature Set A,Gradient Boosting,numeric__int_rate,0.6845327676837157
Feature Set A,Gradient Boosting,numeric__annual_inc,0.023754686552700688
Feature Set A,Gradient Boosting,numeric__dti,0.047254980097979966
Feature Set A,Gradient Boosting,numeric__delinq_2yrs,0.0008267433787104074
Feature Set A,Gradient Boosting,numeric__revol_util,0.00016910581070971425
Feature Set A,Gradient Boosting,numeric__total_acc,0.0012083576139262496
Feature Set A,Gradient Boosting,numeric__open_acc,0.0027230604244712227
Feature Set A,Gradient Boosting,numeric__emp_length,0.003821473206924826
Feature Set A,Gradient Boosting,categorical__grade_A,0.018307780640515102
Feature Set A,Gradient Boosting,categorical__grade_B,0.013242745707249096
Feature Set A,Gradient Boosting,categorical__grade_C,0.010004186234555037
Feature Set A,Gradient Boosting,categorical__grade_D,0.002437413537892661
Feature Set A,Gradient Boosting,categorical__grade_E,0.0007592335748712102
Feature Set A,Gradient Boosting,categorical__grade_F,0.0
Feature Set A,Gradient Boosting,categorical__grade_G,0.0
Feature Set A,Gradient Boosting,categorical__sub_grade_A1,0.0
Feature Set A,Gradient Boosting,categorical__sub_grade_A2,0.0
Feature Set A,Gradient Boosting,categorical__sub_grade_A3,0.0
Feature Set A,Gradient Boosting,categorical__sub_grade_A4,0.0
Feature Set A,Gradient Boosting,categorical__sub_grade_A5,8.38508183328592e-05
Feature Set A,Gradient Boosting,categorical__sub_grade_B1,0.0
Feature Set A,Gradient Boosting,categorical__sub_grade_B2,0.0
Feature Set A,Gradient Boosting,categorical__sub_grade_B3,0.0
Feature Set A,Gradient Boosting,categorical__sub_grade_B4,0.0
Feature Set A,Gradient Boosting,categorical__sub_grade_B5,0.0006848333693601801
Feature Set A,Gradient Boosting,categorical__sub_grade_C1,0.0
Feature Set A,Gradient Boosting,categorical__sub_grade_C2,0.0
Feature Set A,Gradient Boosting,categorical__sub_grade_C3,0.0
Feature Set A,Gradient Boosting,categorical__sub_grade_C4,0.0
Feature Set A,Gradient Boosting,categorical__sub_grade_C5,0.0
Feature Set A,Gradient Boosting,categorical__sub_grade_D1,0.0
Feature Set A,Gradient Boosting,categorical__sub_grade_D2,0.0
Feature Set A,Gradient Boosting,categorical__sub_grade_D3,0.0
Feature Set A,Gradient Boosting,categorical__sub_grade_D4,0.0
Feature Set A,Gradient Boosting,categorical__sub_grade_D5,0.00011856724075740783
Feature Set A,Gradient Boosting,categorical__sub_grade_E1,0.0
Feature Set A,Gradient Boosting,categorical__sub_grade_E2,0.0
Feature Set A,Gradient Boosting,categorical__sub_grade_E3,0.0
Feature Set A,Gradient Boosting,categorical__sub_grade_E4,0.0
Feature Set A,Gradient Boosting,categorical__sub_grade_E5,0.0
Feature Set A,Gradient Boosting,categorical__sub_grade_F1,8.381828552775876e-06
Feature Set A,Gradient Boosting,categorical__sub_grade_F2,0.0
Feature Set A,Gradient Boosting,categorical__sub_grade_F3,0.0
Feature Set A,Gradient Boosting,categorical__sub_grade_F4,0.0
Feature Set A,Gradient Boosting,categorical__sub_grade_F5,0.0
Feature Set A,Gradient Boosting,categorical__sub_grade_G1,0.0
Feature Set A,Gradient Boosting,categorical__sub_grade_G2,0.0
Feature Set A,Gradient Boosting,categorical__sub_grade_G3,0.0
Feature Set A,Gradient Boosting,categorical__sub_grade_G4,0.0
Feature Set A,Gradient Boosting,categorical__sub_grade_G5,0.0
Feature Set A,Gradient Boosting,categorical__home_ownership_ANY,0.0
Feature Set A,Gradient Boosting,categorical__home_ownership_MORTGAGE,0.02813020182768904
Feature Set A,Gradient Boosting,categorical__home_ownership_NONE,0.0
Feature Set A,Gradient Boosting,categorical__home_ownership_OTHER,0.0
Feature Set A,Gradient Boosting,categorical__home_ownership_OWN,0.0
Feature Set A,Gradient Boosting,categorical__home_ownership_RENT,0.02664402338538353
Feature Set A,Gradient Boosting,categorical__verification_status_Not Verified,0.008229208213747943
Feature Set A,Gradient Boosting,categorical__verification_status_Source Verified,0.0004401606665174965
Feature Set A,Gradient Boosting,categorical__verification_status_Verified,0.00043997611669447956
Feature Set A,Gradient Boosting,categorical__purpose_car,0.0
Feature Set A,Gradient Boosting,categorical__purpose_credit_card,0.0
Feature Set A,Gradient Boosting,categorical__purpose_debt_consolidation,0.0
Feature Set A,Gradient Boosting,categorical__purpose_educational,0.0
Feature Set A,Gradient Boosting,categorical__purpose_home_improvement,0.0
Feature Set A,Gradient Boosting,categorical__purpose_house,0.0
Feature Set A,Gradient Boosting,categorical__purpose_major_purchase,0.0
Feature Set A,Gradient Boosting,categorical__purpose_medical,0.0
Feature Set A,Gradient Boosting,categorical__purpose_moving,0.0
Feature Set A,Gradient Boosting,categorical__purpose_other,0.0
Feature Set A,Gradient Boosting,categorical__purpose_renewable_energy,0.0
Feature Set A,Gradient Boosting,categorical__purpose_small_business,0.0011365686800665325
Feature Set A,Gradient Boosting,categorical__purpose_vacation,0.0
Feature Set A,Gradient Boosting,categorical__purpose_wedding,0.0
Feature Set A,Gradient Boosting,categorical__addr_state_AK,0.0
Feature Set A,Gradient Boosting,categorical__addr_state_AL,0.0
Feature Set A,Gradient Boosting,categorical__addr_state_AR,0.0
Feature Set A,Gradient Boosting,categorical__addr_state_AZ,0.0
Feature Set A,Gradient Boosting,categorical__addr_state_CA,0.0006129107073979207
Feature Set A,Gradient Boosting,categorical__addr_state_CO,0.0018160380872873855
Feature Set A,Gradient Boosting,categorical__addr_state_CT,0.0
Feature Set A,Gradient Boosting,categorical__addr_state_DC,0.0
Feature Set A,Gradient Boosting,categorical__addr_state_DE,0.0
Feature Set A,Gradient Boosting,categorical__addr_state_FL,0.0
Feature Set A,Gradient Boosting,categorical__addr_state_GA,0.0
Feature Set A,Gradient Boosting,categorical__addr_state_HI,0.0
Feature Set A,Gradient Boosting,categorical__addr_state_IA,0.0
Feature Set A,Gradient Boosting,categorical__addr_state_ID,0.0
Feature Set A,Gradient Boosting,categorical__addr_state_IL,0.0
Feature Set A,Gradient Boosting,categorical__addr_state_IN,0.0
Feature Set A,Gradient Boosting,categorical__addr_state_KS,0.0
Feature Set A,Gradient Boosting,categorical__addr_state_KY,0.0
Feature Set A,Gradient Boosting,categorical__addr_state_LA,0.0
Feature Set A,Gradient Boosting,categorical__addr_state_MA,0.0
Feature Set A,Gradient Boosting,categorical__addr_state_MD,0.0
Feature Set A,Gradient Boosting,categorical__addr_state_ME,0.0
Feature Set A,Gradient Boosting,categorical__addr_state_MI,0.0
Feature Set A,Gradient Boosting,categorical__addr_state_MN,0.0
Feature Set A,Gradient Boosting,categorical__addr_state_MO,0.0
Feature Set A,Gradient Boosting,categorical__addr_state_MS,0.0
Feature Set A,Gradient Boosting,categorical__addr_state_MT,0.0
Feature Set A,Gradient Boosting,categorical__addr_state_NC,0.0
Feature Set A,Gradient Boosting,categorical__addr_state_ND,0.0
Feature Set A,Gradient Boosting,categorical__addr_state_NE,0.0
Feature Set A,Gradient Boosting,categorical__addr_state_NH,0.0
Feature Set A,Gradient Boosting,categorical__addr_state_NJ,0.0
Feature Set A,Gradient Boosting,categorical__addr_state_NM,0.0
Feature Set A,Gradient Boosting,categorical__addr_state_NV,0.0
Feature Set A,Gradient Boosting,categorical__addr_state_NY,0.00033752461312434157
Feature Set A,Gradient Boosting,categorical__addr_state_OH,0.0
Feature Set A,Gradient Boosting,categorical__addr_state_OK,0.0
Feature Set A,Gradient Boosting,categorical__addr_state_OR,0.0008336567843098176
Feature Set A,Gradient Boosting,categorical__addr_state_PA,0.0
Feature Set A,Gradient Boosting,categorical__addr_state_RI,0.0
Feature Set A,Gradient Boosting,categorical__addr_state_SC,0.0
Feature Set A,Gradient Boosting,categorical__addr_state_SD,0.0
Feature Set A,Gradient Boosting,categorical__addr_state_TN,0.0
Feature Set A,Gradient Boosting,categorical__addr_state_TX,0.0
Feature Set A,Gradient Boosting,categorical__addr_state_UT,0.0
Feature Set A,Gradient Boosting,categorical__addr_state_VA,0.0
Feature Set A,Gradient Boosting,categorical__addr_state_VT,0.0
Feature Set A,Gradient Boosting,categorical__addr_state_WA,0.0013169056784981398
Feature Set A,Gradient Boosting,categorical__addr_state_WI,0.0
Feature Set A,Gradient Boosting,categorical__addr_state_WV,0.0
Feature Set A,Gradient Boosting,categorical__addr_state_WY,0.0
Feature Set D,Random Forest,numeric__loan_amnt,0.05628063897541817
Feature Set D,Random Forest,numeric__term,0.42679535002906654
Feature Set D,Random Forest,numeric__annual_inc,0.062170875206143755
Feature Set D,Random Forest,numeric__dti,0.1286202970568017
Feature Set D,Random Forest,numeric__delinq_2yrs,0.0067077941792488965
Feature Set D,Random Forest,numeric__revol_util,0.03414053933082664
Feature Set D,Random Forest,numeric__total_acc,0.009809340976405446
Feature Set D,Random Forest,numeric__open_acc,0.009068491574598643
Feature Set D,Random Forest,numeric__emp_length,0.008624442012279451
Feature Set D,Random Forest,categorical__home_ownership_ANY,0.0
Feature Set D,Random Forest,categorical__home_ownership_MORTGAGE,0.05584131215683096
Feature Set D,Random Forest,categorical__home_ownership_NONE,0.0
Feature Set D,Random Forest,categorical__home_ownership_OTHER,0.0
Feature Set D,Random Forest,categorical__home_ownership_OWN,0.0032452144627939435
Feature Set D,Random Forest,categorical__home_ownership_RENT,0.0479556296017893
Feature Set D,Random Forest,categorical__verification_status_Not Verified,0.0650849148426201
Feature Set D,Random Forest,categorical__verification_status_Source Verified,0.011571739452026922
Feature Set D,Random Forest,categorical__verification_status_Verified,0.03008888408993341
Feature Set D,Random Forest,categorical__purpose_car,0.0004003085649500737
Feature Set D,Random Forest,categorical__purpose_credit_card,0.015033655168902826
Feature Set D,Random Forest,categorical__purpose_debt_consolidation,0.004738541296481748
Feature Set D,Random Forest,categorical__purpose_educational,0.0
Feature Set D,Random Forest,categorical__purpose_home_improvement,0.0007909558266310813
Feature Set D,Random Forest,categorical__purpose_house,7.610969625935513e-05
Feature Set D,Random Forest,categorical__purpose_major_purchase,0.0003444135378624644
Feature Set D,Random Forest,categorical__purpose_medical,0.00031238059023653224
Feature Set D,Random Forest,categorical__purpose_moving,0.00028813400452861517
Feature Set D,Random Forest,categorical__purpose_other,0.0011156476458934082
Feature Set D,Random Forest,categorical__purpose_renewable_energy,0.0
Feature Set D,Random Forest,categorical__purpose_small_business,0.004718322892183695
Feature Set D,Random Forest,categorical__purpose_vacation,6.465801914342941e-05
Feature Set D,Random Forest,categorical__purpose_wedding,3.08359827647096e-05
Feature Set D,Random Forest,categorical__addr_state_AK,0.0
Feature Set D,Random Forest,categorical__addr_state_AL,0.0003415804218870998
Feature Set D,Random Forest,categorical__addr_state_AR,0.0002602874139579146
Feature Set D,Random Forest,categorical__addr_state_AZ,0.00010747798559933405
Feature Set D,Random Forest,categorical__addr_state_CA,0.002291960513396573
Feature Set D,Random Forest,categorical__addr_state_CO,0.0021390147998923102
Feature Set D,Random Forest,categorical__addr_state_CT,0.00019138341199869308
Feature Set D,Random Forest,categorical__addr_state_DC,0.0001235504869845235
Feature Set D,Random Forest,categorical__addr_state_DE,4.4170264375756846e-06
Feature Set D,Random Forest,categorical__addr_state_FL,0.0009234930310745188
Feature Set D,Random Forest,categorical__addr_state_GA,0.00019907408440705197
Feature Set D,Random Forest,categorical__addr_state_HI,1.6328884532686324e-05
Feature Set D,Random Forest,categorical__addr_state_IA,0.0
Feature Set D,Random Forest,categorical__addr_state_ID,0.0
Feature Set D,Random Forest,categorical__addr_state_IL,0.00040510591239449595
Feature Set D,Random Forest,categorical__addr_state_IN,0.00024820709119324796
Feature Set D,Random Forest,categorical__addr_state_KS,0.0001136448220939761
Feature Set D,Random Forest,categorical__addr_state_KY,6.065562452081142e-05
Feature Set D,Random Forest,categorical__addr_state_LA,0.00024678395924064095
Feature Set D,Random Forest,categorical__addr_state_MA,0.00014454901826608762
Feature Set D,Random Forest,categorical__addr_state_MD,0.0002637469244898807
Feature Set D,Random Forest,categorical__addr_state_ME,2.3099802206630344e-05
Feature Set D,Random Forest,categorical__addr_state_MI,0.00013974567427418283
Feature Set D,Random Forest,categorical__addr_state_MN,9.545252693956256e-05
Feature Set D,Random Forest,categorical__addr_state_MO,0.00014329221617429854
Feature Set D,Random Forest,categorical__addr_state_MS,0.00027072905413592484
Feature Set D,Random Forest,categorical__addr_state_MT,1.4793377227818276e-05
Feature Set D,Random Forest,categorical__addr_state_NC,0.00019252279144170916
Feature Set D,Random Forest,categorical__addr_state_ND,0.0
Feature Set D,Random Forest,categorical__addr_state_NE,3.862314725960746e-05
Feature Set D,Random Forest,categorical__addr_state_NH,0.00014239896938248754
Feature Set D,Random Forest,categorical__addr_state_NJ,0.00039294409489991616
Feature Set D,Random Forest,categorical__addr_state_NM,1.253901796887669e-05
Feature Set D,Random Forest,categorical__addr_state_NV,0.00038111328861203356
Feature Set D,Random Forest,categorical__addr_state_NY,0.0016764505786696457
Feature Set D,Random Forest,categorical__addr_state_OH,0.0001942818045199028
Feature Set D,Random Forest,categorical__addr_state_OK,0.00021418169288726677
Feature Set D,Random Forest,categorical__addr_state_OR,0.0011297771779337354
Feature Set D,Random Forest,categorical__addr_state_PA,0.00028773733225653526
Feature Set D,Random Forest,categorical__addr_state_RI,7.0436859265302816e-06
Feature Set D,Random Forest,categorical__addr_state_SC,0.000409008777125916
Feature Set D,Random Forest,categorical__addr_state_SD,0.0
Feature Set D,Random Forest,categorical__addr_state_TN,9.916648652280271e-05
Feature Set D,Random Forest,categorical__addr_state_TX,0.0003504613813603007
Feature Set D,Random Forest,categorical__addr_state_UT,0.00010821555682506102
Feature Set D,Random Forest,categorical__addr_state_VA,0.00017539080398731104
Feature Set D,Random Forest,categorical__addr_state_VT,1.2523596060602435e-05
Feature Set D,Random Forest,categorical__addr_state_WA,0.001322491892592101
Feature Set D,Random Forest,categorical__addr_state_WI,8.466303768058202e-05
Feature Set D,Random Forest,categorical__addr_state_WV,7.576439624709707e-05
Feature Set D,Random Forest,categorical__addr_state_WY,4.899253892043183e-06
Feature Set D,Gradient Boosting,numeric__loan_amnt,0.02034001126715989
Feature Set D,Gradient Boosting,numeric__term,0.48455856690115673
Feature Set D,Gradient Boosting,numeric__annual_inc,0.08318835051535957
Feature Set D,Gradient Boosting,numeric__dti,0.13156815753225126
Feature Set D,Gradient Boosting,numeric__delinq_2yrs,0.013222910377129336
Feature Set D,Gradient Boosting,numeric__revol_util,0.027193285709533818
Feature Set D,Gradient Boosting,numeric__total_acc,0.00866769895477909
Feature Set D,Gradient Boosting,numeric__open_acc,0.006097704890311676
Feature Set D,Gradient Boosting,numeric__emp_length,0.004230561635079696
Feature Set D,Gradient Boosting,categorical__home_ownership_ANY,0.0
Feature Set D,Gradient Boosting,categorical__home_ownership_MORTGAGE,0.06653402090718263
Feature Set D,Gradient Boosting,categorical__home_ownership_NONE,0.0
Feature Set D,Gradient Boosting,categorical__home_ownership_OTHER,0.0
Feature Set D,Gradient Boosting,categorical__home_ownership_OWN,0.0
Feature Set D,Gradient Boosting,categorical__home_ownership_RENT,0.05646544797001774
Feature Set D,Gradient Boosting,categorical__verification_status_Not Verified,0.05600796743309027
Feature Set D,Gradient Boosting,categorical__verification_status_Source Verified,0.0
Feature Set D,Gradient Boosting,categorical__verification_status_Verified,0.010064354760012115
Feature Set D,Gradient Boosting,categorical__purpose_car,0.0
Feature Set D,Gradient Boosting,categorical__purpose_credit_card,0.017760615162457586
Feature Set D,Gradient Boosting,categorical__purpose_debt_consolidation,0.0
Feature Set D,Gradient Boosting,categorical__purpose_educational,0.0
Feature Set D,Gradient Boosting,categorical__purpose_home_improvement,0.0
Feature Set D,Gradient Boosting,categorical__purpose_house,0.0
Feature Set D,Gradient Boosting,categorical__purpose_major_purchase,0.0
Feature Set D,Gradient Boosting,categorical__purpose_medical,0.0
Feature Set D,Gradient Boosting,categorical__purpose_moving,1.4968326638316226e-05
Feature Set D,Gradient Boosting,categorical__purpose_other,0.0007879185538966189
Feature Set D,Gradient Boosting,categorical__purpose_renewable_energy,0.0
Feature Set D,Gradient Boosting,categorical__purpose_small_business,0.008405127899764869
Feature Set D,Gradient Boosting,categorical__purpose_vacation,0.0
Feature Set D,Gradient Boosting,categorical__purpose_wedding,0.0
Feature Set D,Gradient Boosting,categorical__addr_state_AK,0.0
Feature Set D,Gradient Boosting,categorical__addr_state_AL,0.0
Feature Set D,Gradient Boosting,categorical__addr_state_AR,0.0
Feature Set D,Gradient Boosting,categorical__addr_state_AZ,0.0
Feature Set D,Gradient Boosting,categorical__addr_state_CA,0.0
Feature Set D,Gradient Boosting,categorical__addr_state_CO,0.0024138197034833738
Feature Set D,Gradient Boosting,categorical__addr_state_CT,0.0
Feature Set D,Gradient Boosting,categorical__addr_state_DC,0.0
Feature Set D,Gradient Boosting,categorical__addr_state_DE,0.0
Feature Set D,Gradient Boosting,categorical__addr_state_FL,0.0
Feature Set D,Gradient Boosting,categorical__addr_state_GA,0.0
Feature Set D,Gradient Boosting,categorical__addr_state_HI,0.0
Feature Set D,Gradient Boosting,categorical__addr_state_IA,0.0
Feature Set D,Gradient Boosting,categorical__addr_state_ID,0.0
Feature Set D,Gradient Boosting,categorical__addr_state_IL,0.0
Feature Set D,Gradient Boosting,categorical__addr_state_IN,0.0
Feature Set D,Gradient Boosting,categorical__addr_state_KS,0.0
Feature Set D,Gradient Boosting,categorical__addr_state_KY,0.0
Feature Set D,Gradient Boosting,categorical__addr_state_LA,0.0
Feature Set D,Gradient Boosting,categorical__addr_state_MA,0.0
Feature Set D,Gradient Boosting,categorical__addr_state_MD,1.4989332776243966e-05
Feature Set D,Gradient Boosting,categorical__addr_state_ME,0.0
Feature Set D,Gradient Boosting,categorical__addr_state_MI,0.0
Feature Set D,Gradient Boosting,categorical__addr_state_MN,0.0
Feature Set D,Gradient Boosting,categorical__addr_state_MO,0.0
Feature Set D,Gradient Boosting,categorical__addr_state_MS,0.0
Feature Set D,Gradient Boosting,categorical__addr_state_MT,0.0
Feature Set D,Gradient Boosting,categorical__addr_state_NC,0.0
Feature Set D,Gradient Boosting,categorical__addr_state_ND,0.0
Feature Set D,Gradient Boosting,categorical__addr_state_NE,0.0
Feature Set D,Gradient Boosting,categorical__addr_state_NH,0.0
Feature Set D,Gradient Boosting,categorical__addr_state_NJ,0.0
Feature Set D,Gradient Boosting,categorical__addr_state_NM,0.0
Feature Set D,Gradient Boosting,categorical__addr_state_NV,0.0
Feature Set D,Gradient Boosting,categorical__addr_state_NY,0.0003018759379876619
Feature Set D,Gradient Boosting,categorical__addr_state_OH,0.0
Feature Set D,Gradient Boosting,categorical__addr_state_OK,0.0
Feature Set D,Gradient Boosting,categorical__addr_state_OR,0.0011478323082923523
Feature Set D,Gradient Boosting,categorical__addr_state_PA,0.0
Feature Set D,Gradient Boosting,categorical__addr_state_RI,0.0
Feature Set D,Gradient Boosting,categorical__addr_state_SC,0.0
Feature Set D,Gradient Boosting,categorical__addr_state_SD,0.0
Feature Set D,Gradient Boosting,categorical__addr_state_TN,0.0
Feature Set D,Gradient Boosting,categorical__addr_state_TX,0.0
Feature Set D,Gradient Boosting,categorical__addr_state_UT,0.0
Feature Set D,Gradient Boosting,categorical__addr_state_VA,0.0
Feature Set D,Gradient Boosting,categorical__addr_state_VT,0.0
Feature Set D,Gradient Boosting,categorical__addr_state_WA,0.0010138139216390408
Feature Set D,Gradient Boosting,categorical__addr_state_WI,0.0
Feature Set D,Gradient Boosting,categorical__addr_state_WV,0.0
Feature Set D,Gradient Boosting,categorical__addr_state_WY,0.0
